ID,商品ID,商品标题,价格,图片URL,商品URL,商品短URL,销量,商店ID,商店名字,商店URL,商店地址,市场价格,促销价格,订单数量,总销售,库存
1,100003617834,【品质家居，好物直降】8月11-14日，满199减100，领券立减》》领券立减,49.00,https:done,https://item.jd.com/100003617834.html,//item.jd.com/100003617834.html,6.2万+,1000117165,乐扣乐扣（LOCK&LOCK）京东自营旗舰店,https://www.jd.com/allSort.aspx,京东物流,None,None,6.2万+,6.2万+,None
2,100003617834,【品质家居，好物直降】8月11-14日，满199减100，领券立减》》领券立减,49.00,https:done,https://item.jd.com/100003617834.html,https://item.jd.com/100003617834.html,6.2万+,1000117165,京东自营,https://www.jd.com/allSort.aspx,京东物流,None,None,6.2万+,6.2万+,None
3,100003617834,【品质家居，好物直降】8月11-14日，满199减100，领券立减》》领券立减,49.00,https:done,https://item.jd.com/100003617834.html,https://item.jd.com/100003617834.html,6.2万+,1000117165,京东自营,https://www.jd.com/allSort.aspx,京东物流,None,None,6.2万+,6.2万+,None
4,100003617834,【品质家居，好物直降】8月11-14日，满199减100，领券立减》》领券立减,49.00,https:done,https://item.jd.com/100003617834.html,https://item.jd.com/100003617834.html,6.2万+,1000117165,京东自营,https://www.jd.com/allSort.aspx,京东物流,None,None,6.2万+,6.2万+,None
5,100003617834,【品质家居，好物直降】8月11-14日，满199减100，领券立减》》领券立减,49.00,https:done,https://item.jd.com/100003617834.html,https://item.jd.com/100003617834.html,6.2万+,1000117165,京东自营,https://www.jd.com/allSort.aspx,京东物流,None,None,6.2万+,6.2万+,None
6,100003617834,【品质家居，好物直降】8月11-14日，满199减100，领券立减》》领券立减,49.00,https:done,https://item.jd.com/100003617834.html,https://item.jd.com/100003617834.html,6.2万+,1000117165,京东自营,https://www.jd.com/allSort.aspx,京东物流,None,None,6.2万+,6.2万+,None
7,100003617834,【品质家居，好物直降】8月11-14日，满199减100，领券立减》》领券立减,49.00,https:done,https://item.jd.com/100003617834.html,https://item.jd.com/100003617834.html,6.2万+,1000117165,京东自营,https://www.jd.com/allSort.aspx,京东物流,None,None,6.2万+,6.2万+,None
8,100003617834,【品质家居，好物直降】8月11-14日，满199减100，领券立减》》领券立减,49.00,https:done,https://item.jd.com/100003617834.html,https://item.jd.com/100003617834.html,6.2万+,1000117165,京东自营,https://www.jd.com/allSort.aspx,京东物流,None,None,6.2万+,6.2万+,None
9,100003617834,【品质家居，好物直降】8月11-14日，满199减100，领券立减》》领券立减,49.00,https:done,https://item.jd.com/100003617834.html,https://item.jd.com/100003617834.html,6.2万+,1000117165,京东自营,https://www.jd.com/allSort.aspx,京东物流,None,None,6.2万+,6.2万+,None
10,100003617834,【品质家居，好物直降】8月11-14日，满199减100，领券立减》》领券立减,49.00,https:done,https://item.jd.com/100003617834.html,https://item.jd.com/100003617834.html,6.2万+,1000117165,京东自营,https://www.jd.com/allSort.aspx,京东物流,None,None,6.2万+,6.2万+,None
11,100003617834,【品质家居，好物直降】8月11-14日，满199减100，领券立减》》领券立减,49.00,https:done,https://item.jd.com/100003617834.html,https://item.jd.com/100003617834.html,6.2万+,1000117165,京东自营,https://www.jd.com/allSort.aspx,京东物流,None,None,6.2万+,6.2万+,None
12,998187,【品质家居，好物直降】8月11-14日，满199减100，领券立减》》领券立减,26.90,https:done,https://item.jd.com/998187.html,//item.jd.com/998187.html,40万+,1000117165,史努比京东自营专区,https://www.jd.com/allSort.aspx,京东物流,None,None,40万+,40万+,None
13,998187,【品质家居，好物直降】8月11-14日，满199减100，领券立减》》领券立减,26.90,https:done,https://item.jd.com/998187.html,https://item.jd.com/998187.html,40万+,1000117165,京东自营,https://www.jd.com/allSort.aspx,京东物流,None,None,40万+,40万+,None
14,998187,【品质家居，好物直降】8月11-14日，满199减100，领券立减》》领券立减,26.90,https:done,https://item.jd.com/998187.html,https://item.jd.com/998187.html,40万+,1000117165,京东自营,https://www.jd.com/allSort.aspx,京东物流,None,None,40万+,40万+,None
15,998187,【品质家居，好物直降】8月11-14日，满199减100，领券立减》》领券立减,26.90,https:done,https://item.jd.com/998187.html,https://item.jd.com/998187.html,40万+,1000117165,京东自营,https://www.jd.com/allSort.aspx,京东物流,None,None,40万+,40万+,None
16,998187,【品质家居，好物直降】8月11-14日，满199减100，领券立减》》领券立减,26.90,https:done,https://item.jd.com/998187.html,https://item.jd.com/998187.html,40万+,1000117165,京东自营,https://www.jd.com/allSort.aspx,京东物流,None,None,40万+,40万+,None
17,998187,【品质家居，好物直降】8月11-14日，满199减100，领券立减》》领券立减,26.90,https:done,https://item.jd.com/998187.html,https://item.jd.com/998187.html,40万+,1000117165,京东自营,https://www.jd.com/allSort.aspx,京东物流,None,None,40万+,40万+,None
18,998187,【品质家居，好物直降】8月11-14日，满199减100，领券立减》》领券立减,26.90,https:done,https://item.jd.com/998187.html,https://item.jd.com/998187.html,40万+,1000117165,京东自营,https://www.jd.com/allSort.aspx,京东物流,None,None,40万+,40万+,None
19,998187,【品质家居，好物直降】8月11-14日，满199减100，领券立减》》领券立减,26.90,https:done,https://item.jd.com/998187.html,https://item.jd.com/998187.html,40万+,1000117165,京东自营,https://www.jd.com/allSort.aspx,京东物流,None,None,40万+,40万+,None
20,70533978359,,138.00,https:done,https://item.jd.com/70533978359.html,//item.jd.com/70533978359.html,500+,1000117165,eno旗舰店,https://www.jd.com/allSort.aspx,京东物流,None,None,500+,500+,None
21,70533978359,,138.00,https:done,https://item.jd.com/70533978359.html,https://item.jd.com/70533978359.html,500+,1000117165,京东自营,https://www.jd.com/allSort.aspx,京东物流,None,None,500+,500+,None
22,100000331548,【品质家居，好物直降】8月11-14日，满199减100，领券立减》》领券立减,23.80,https:done,https://item.jd.com/100000331548.html,//item.jd.com/100000331548.html,7.8万+,1000117165,天喜京东自营旗舰店,https://www.jd.com/allSort.aspx,京东物流,None,None,7.8万+,7.8万+,None
23,100000331548,【品质家居，好物直降】8月11-14日，满199减100，领券立减》》领券立减,23.80,https:done,https://item.jd.com/100000331548.html,https://item.jd.com/100000331548.html,7.8万+,1000117165,京东自营,https://www.jd.com/allSort.aspx,京东物流,None,None,7.8万+,7.8万+,None
24,100000331548,【品质家居，好物直降】8月11-14日，满199减100，领券立减》》领券立减,23.80,https:done,https://item.jd.com/100000331548.html,https://item.jd.com/100000331548.html,7.8万+,1000117165,京东自营,https://www.jd.com/allSort.aspx,京东物流,None,None,7.8万+,7.8万+,None
25,100000331548,【品质家居，好物直降】8月11-14日，满199减100，领券立减》》领券立减,23.80,https:done,https://item.jd.com/100000331548.html,https://item.jd.com/100000331548.html,7.8万+,1000117165,京东自营,https://www.jd.com/allSort.aspx,京东物流,None,None,7.8万+,7.8万+,None
26,100000331548,【品质家居，好物直降】8月11-14日，满199减100，领券立减》》领券立减,23.80,https:done,https://item.jd.com/100000331548.html,https://item.jd.com/100000331548.html,7.8万+,1000117165,京东自营,https://www.jd.com/allSort.aspx,京东物流,None,None,7.8万+,7.8万+,None
27,100000331548,【品质家居，好物直降】8月11-14日，满199减100，领券立减》》领券立减,23.80,https:done,https://item.jd.com/100000331548.html,https://item.jd.com/100000331548.html,7.8万+,1000117165,京东自营,https://www.jd.com/allSort.aspx,京东物流,None,None,7.8万+,7.8万+,None
28,100000331548,【品质家居，好物直降】8月11-14日，满199减100，领券立减》》领券立减,23.80,https:done,https://item.jd.com/100000331548.html,https://item.jd.com/100000331548.html,7.8万+,1000117165,京东自营,https://www.jd.com/allSort.aspx,京东物流,None,None,7.8万+,7.8万+,None
29,100000331548,【品质家居，好物直降】8月11-14日，满199减100，领券立减》》领券立减,23.80,https:done,https://item.jd.com/100000331548.html,https://item.jd.com/100000331548.html,7.8万+,1000117165,京东自营,https://www.jd.com/allSort.aspx,京东物流,None,None,7.8万+,7.8万+,None
30,30139864889,美国tritan材质,不含BPA.送运费险,退换京东上门取件不收费,48.90,https:done,https://item.jd.com/30139864889.html,//item.jd.com/30139864889.html,1.6万+,1000117165,DFIFAN龙鲨专卖店,https://www.jd.com/allSort.aspx,京东物流,None,None,1.6万+,1.6万+,None
31,30139864889,美国tritan材质,不含BPA.送运费险,退换京东上门取件不收费,48.90,https:done,https://item.jd.com/30139864889.html,https://item.jd.com/30139864889.html,1.6万+,1000117165,京东自营,https://www.jd.com/allSort.aspx,京东物流,None,None,1.6万+,1.6万+,None
32,30139864889,美国tritan材质,不含BPA.送运费险,退换京东上门取件不收费,48.90,https:done,https://item.jd.com/30139864889.html,https://item.jd.com/30139864889.html,1.6万+,1000117165,京东自营,https://www.jd.com/allSort.aspx,京东物流,None,None,1.6万+,1.6万+,None
33,30139864889,美国tritan材质,不含BPA.送运费险,退换京东上门取件不收费,48.90,https:done,https://item.jd.com/30139864889.html,https://item.jd.com/30139864889.html,1.6万+,1000117165,京东自营,https://www.jd.com/allSort.aspx,京东物流,None,None,1.6万+,1.6万+,None
34,30139864889,美国tritan材质,不含BPA.送运费险,退换京东上门取件不收费,48.90,https:done,https://item.jd.com/30139864889.html,https://item.jd.com/30139864889.html,1.6万+,1000117165,京东自营,https://www.jd.com/allSort.aspx,京东物流,None,None,1.6万+,1.6万+,None
35,11289532859,【年度新品】希诺双层玻璃杯，冰花纹设计，玲珑剔透，倾城韵味，自然天成，进一步了解,142.00,https:done,https://item.jd.com/11289532859.html,//item.jd.com/11289532859.html,14万+,1000117165,希诺官方旗舰店,https://www.jd.com/allSort.aspx,京东物流,None,None,14万+,14万+,None
36,11289532859,【年度新品】希诺双层玻璃杯，冰花纹设计，玲珑剔透，倾城韵味，自然天成，进一步了解,142.00,https:done,https://item.jd.com/11289532859.html,https://item.jd.com/11289532859.html,14万+,1000117165,京东自营,https://www.jd.com/allSort.aspx,京东物流,None,None,14万+,14万+,None
37,100009225604,,79.00,https:done,https://item.jd.com/100009225604.html,//item.jd.com/100009225604.html,3.1万+,1000117165,富光京东自营旗舰店,https://www.jd.com/allSort.aspx,京东物流,None,None,3.1万+,3.1万+,None
38,100009225604,,79.00,https:done,https://item.jd.com/100009225604.html,https://item.jd.com/100009225604.html,3.1万+,1000117165,京东自营,https://www.jd.com/allSort.aspx,京东物流,None,None,3.1万+,3.1万+,None
39,66997557064,【老款儿童水杯第二件半价！】【新款儿童水杯带自锁功能】,38.00,https:done,https://item.jd.com/66997557064.html,//item.jd.com/66997557064.html,1.1万+,1000117165,鸷鸢家居日用专营店,https://www.jd.com/allSort.aspx,京东物流,None,None,1.1万+,1.1万+,None
40,66997557064,【老款儿童水杯第二件半价！】【新款儿童水杯带自锁功能】,38.00,https:done,https://item.jd.com/66997557064.html,https://item.jd.com/66997557064.html,1.1万+,1000117165,京东自营,https://www.jd.com/allSort.aspx,京东物流,None,None,1.1万+,1.1万+,None
41,66997557064,【老款儿童水杯第二件半价！】【新款儿童水杯带自锁功能】,38.00,https:done,https://item.jd.com/66997557064.html,https://item.jd.com/66997557064.html,1.1万+,1000117165,京东自营,https://www.jd.com/allSort.aspx,京东物流,None,None,1.1万+,1.1万+,None
42,66997557064,【老款儿童水杯第二件半价！】【新款儿童水杯带自锁功能】,38.00,https:done,https://item.jd.com/66997557064.html,https://item.jd.com/66997557064.html,1.1万+,1000117165,京东自营,https://www.jd.com/allSort.aspx,京东物流,None,None,1.1万+,1.1万+,None
43,66997557064,【老款儿童水杯第二件半价！】【新款儿童水杯带自锁功能】,38.00,https:done,https://item.jd.com/66997557064.html,https://item.jd.com/66997557064.html,1.1万+,1000117165,京东自营,https://www.jd.com/allSort.aspx,京东物流,None,None,1.1万+,1.1万+,None
44,66997557064,【老款儿童水杯第二件半价！】【新款儿童水杯带自锁功能】,38.00,https:done,https://item.jd.com/66997557064.html,https://item.jd.com/66997557064.html,1.1万+,1000117165,京东自营,https://www.jd.com/allSort.aspx,京东物流,None,None,1.1万+,1.1万+,None
45,66997557064,【老款儿童水杯第二件半价！】【新款儿童水杯带自锁功能】,38.00,https:done,https://item.jd.com/66997557064.html,https://item.jd.com/66997557064.html,1.1万+,1000117165,京东自营,https://www.jd.com/allSort.aspx,京东物流,None,None,1.1万+,1.1万+,None
46,66997557064,【老款儿童水杯第二件半价！】【新款儿童水杯带自锁功能】,38.00,https:done,https://item.jd.com/66997557064.html,https://item.jd.com/66997557064.html,1.1万+,1000117165,京东自营,https://www.jd.com/allSort.aspx,京东物流,None,None,1.1万+,1.1万+,None
47,12924563973,赠送杯刷和吸管刷,2020款吸管杯进口tritan材质安全健康,59.00,https:done,https://item.jd.com/12924563973.html,//item.jd.com/12924563973.html,4.9万+,1000117165,艾洛伊厨具专营店,https://www.jd.com/allSort.aspx,京东物流,None,None,4.9万+,4.9万+,None
48,12924563973,赠送杯刷和吸管刷,2020款吸管杯进口tritan材质安全健康,59.00,https:done,https://item.jd.com/12924563973.html,https://item.jd.com/12924563973.html,4.9万+,1000117165,京东自营,https://www.jd.com/allSort.aspx,京东物流,None,None,4.9万+,4.9万+,None
49,12924563973,赠送杯刷和吸管刷,2020款吸管杯进口tritan材质安全健康,59.00,https:done,https://item.jd.com/12924563973.html,https://item.jd.com/12924563973.html,4.9万+,1000117165,京东自营,https://www.jd.com/allSort.aspx,京东物流,None,None,4.9万+,4.9万+,None
50,12924563973,赠送杯刷和吸管刷,2020款吸管杯进口tritan材质安全健康,59.00,https:done,https://item.jd.com/12924563973.html,https://item.jd.com/12924563973.html,4.9万+,1000117165,京东自营,https://www.jd.com/allSort.aspx,京东物流,None,None,4.9万+,4.9万+,None
51,12924563973,赠送杯刷和吸管刷,2020款吸管杯进口tritan材质安全健康,59.00,https:done,https://item.jd.com/12924563973.html,https://item.jd.com/12924563973.html,4.9万+,1000117165,京东自营,https://www.jd.com/allSort.aspx,京东物流,None,None,4.9万+,4.9万+,None
52,12924563973,赠送杯刷和吸管刷,2020款吸管杯进口tritan材质安全健康,59.00,https:done,https://item.jd.com/12924563973.html,https://item.jd.com/12924563973.html,4.9万+,1000117165,京东自营,https://www.jd.com/allSort.aspx,京东物流,None,None,4.9万+,4.9万+,None
53,12924563973,赠送杯刷和吸管刷,2020款吸管杯进口tritan材质安全健康,59.00,https:done,https://item.jd.com/12924563973.html,https://item.jd.com/12924563973.html,4.9万+,1000117165,京东自营,https://www.jd.com/allSort.aspx,京东物流,None,None,4.9万+,4.9万+,None
54,12924563973,赠送杯刷和吸管刷,2020款吸管杯进口tritan材质安全健康,59.00,https:done,https://item.jd.com/12924563973.html,https://item.jd.com/12924563973.html,4.9万+,1000117165,京东自营,https://www.jd.com/allSort.aspx,京东物流,None,None,4.9万+,4.9万+,None
55,12924563973,赠送杯刷和吸管刷,2020款吸管杯进口tritan材质安全健康,59.00,https:done,https://item.jd.com/12924563973.html,https://item.jd.com/12924563973.html,4.9万+,1000117165,京东自营,https://www.jd.com/allSort.aspx,京东物流,None,None,4.9万+,4.9万+,None
56,12924563973,赠送杯刷和吸管刷,2020款吸管杯进口tritan材质安全健康,59.00,https:done,https://item.jd.com/12924563973.html,https://item.jd.com/12924563973.html,4.9万+,1000117165,京东自营,https://www.jd.com/allSort.aspx,京东物流,None,None,4.9万+,4.9万+,None
57,12924563973,赠送杯刷和吸管刷,2020款吸管杯进口tritan材质安全健康,59.00,https:done,https://item.jd.com/12924563973.html,https://item.jd.com/12924563973.html,4.9万+,1000117165,京东自营,https://www.jd.com/allSort.aspx,京东物流,None,None,4.9万+,4.9万+,None
58,12924563973,赠送杯刷和吸管刷,2020款吸管杯进口tritan材质安全健康,59.00,https:done,https://item.jd.com/12924563973.html,https://item.jd.com/12924563973.html,4.9万+,1000117165,京东自营,https://www.jd.com/allSort.aspx,京东物流,None,None,4.9万+,4.9万+,None
59,100004889332,【品质家居，好物直降】8月11-14日，满199减100，领券立减》》领券立减,45.90,https:done,https://item.jd.com/100004889332.html,//item.jd.com/100004889332.html,2.5万+,1000117165,富光京东自营旗舰店,https://www.jd.com/allSort.aspx,京东物流,None,None,2.5万+,2.5万+,None
60,100004889332,【品质家居，好物直降】8月11-14日，满199减100，领券立减》》领券立减,45.90,https:done,https://item.jd.com/100004889332.html,https://item.jd.com/100004889332.html,2.5万+,1000117165,京东自营,https://www.jd.com/allSort.aspx,京东物流,None,None,2.5万+,2.5万+,None
61,100004889332,【品质家居，好物直降】8月11-14日，满199减100，领券立减》》领券立减,45.90,https:done,https://item.jd.com/100004889332.html,https://item.jd.com/100004889332.html,2.5万+,1000117165,京东自营,https://www.jd.com/allSort.aspx,京东物流,None,None,2.5万+,2.5万+,None
62,100004889332,【品质家居，好物直降】8月11-14日，满199减100，领券立减》》领券立减,45.90,https:done,https://item.jd.com/100004889332.html,https://item.jd.com/100004889332.html,2.5万+,1000117165,京东自营,https://www.jd.com/allSort.aspx,京东物流,None,None,2.5万+,2.5万+,None
63,100004889332,【品质家居，好物直降】8月11-14日，满199减100，领券立减》》领券立减,45.90,https:done,https://item.jd.com/100004889332.html,https://item.jd.com/100004889332.html,2.5万+,1000117165,京东自营,https://www.jd.com/allSort.aspx,京东物流,None,None,2.5万+,2.5万+,None
64,100012927604,【品质家居，好物直降】8月11-14日，满199减100，领券立减》》领券立减,25.50,https:done,https://item.jd.com/100012927604.html,//item.jd.com/100012927604.html,5200+,1000117165,富光京东自营旗舰店,https://www.jd.com/allSort.aspx,京东物流,None,None,5200+,5200+,None
65,100012927604,【品质家居，好物直降】8月11-14日，满199减100，领券立减》》领券立减,25.50,https:done,https://item.jd.com/100012927604.html,https://item.jd.com/100012927604.html,5200+,1000117165,京东自营,https://www.jd.com/allSort.aspx,京东物流,None,None,5200+,5200+,None
66,100012927604,【品质家居，好物直降】8月11-14日，满199减100，领券立减》》领券立减,25.50,https:done,https://item.jd.com/100012927604.html,https://item.jd.com/100012927604.html,5200+,1000117165,京东自营,https://www.jd.com/allSort.aspx,京东物流,None,None,5200+,5200+,None
67,100012927604,【品质家居，好物直降】8月11-14日，满199减100，领券立减》》领券立减,25.50,https:done,https://item.jd.com/100012927604.html,https://item.jd.com/100012927604.html,5200+,1000117165,京东自营,https://www.jd.com/allSort.aspx,京东物流,None,None,5200+,5200+,None
68,100012927604,【品质家居，好物直降】8月11-14日，满199减100，领券立减》》领券立减,25.50,https:done,https://item.jd.com/100012927604.html,https://item.jd.com/100012927604.html,5200+,1000117165,京东自营,https://www.jd.com/allSort.aspx,京东物流,None,None,5200+,5200+,None
69,100012927604,【品质家居，好物直降】8月11-14日，满199减100，领券立减》》领券立减,25.50,https:done,https://item.jd.com/100012927604.html,https://item.jd.com/100012927604.html,5200+,1000117165,京东自营,https://www.jd.com/allSort.aspx,京东物流,None,None,5200+,5200+,None
70,100012927604,【品质家居，好物直降】8月11-14日，满199减100，领券立减》》领券立减,25.50,https:done,https://item.jd.com/100012927604.html,https://item.jd.com/100012927604.html,5200+,1000117165,京东自营,https://www.jd.com/allSort.aspx,京东物流,None,None,5200+,5200+,None
71,100012927604,【品质家居，好物直降】8月11-14日，满199减100，领券立减》》领券立减,25.50,https:done,https://item.jd.com/100012927604.html,https://item.jd.com/100012927604.html,5200+,1000117165,京东自营,https://www.jd.com/allSort.aspx,京东物流,None,None,5200+,5200+,None
72,62852938409,送杯刷，不锈钢搅拌球【2020新款运动达人Tritan材质吸管杯，点这里！！】,25.80,https:done,https://item.jd.com/62852938409.html,//item.jd.com/62852938409.html,7300+,1000117165,杯界厨具专营店,https://www.jd.com/allSort.aspx,京东物流,None,None,7300+,7300+,None
73,62852938409,送杯刷，不锈钢搅拌球【2020新款运动达人Tritan材质吸管杯，点这里！！】,25.80,https:done,https://item.jd.com/62852938409.html,https://item.jd.com/62852938409.html,7300+,1000117165,京东自营,https://www.jd.com/allSort.aspx,京东物流,None,None,7300+,7300+,None
74,62852938409,送杯刷，不锈钢搅拌球【2020新款运动达人Tritan材质吸管杯，点这里！！】,25.80,https:done,https://item.jd.com/62852938409.html,https://item.jd.com/62852938409.html,7300+,1000117165,京东自营,https://www.jd.com/allSort.aspx,京东物流,None,None,7300+,7300+,None
75,41411985137,,258.00,https:done,https://item.jd.com/41411985137.html,//item.jd.com/41411985137.html,200+,1000117165,水宜生官方旗舰店,https://www.jd.com/allSort.aspx,京东物流,None,None,200+,200+,None
76,41411985137,,258.00,https:done,https://item.jd.com/41411985137.html,https://item.jd.com/41411985137.html,200+,1000117165,京东自营,https://www.jd.com/allSort.aspx,京东物流,None,None,200+,200+,None
77,100008043272,【品质家居，好物直降】8月11-14日，满199减100，领券立减》》领券立减,108.00,https:done,https://item.jd.com/100008043272.html,//item.jd.com/100008043272.html,8900+,1000117165,特百惠京东自营专区,https://www.jd.com/allSort.aspx,京东物流,None,None,8900+,8900+,None
78,100008043272,【品质家居，好物直降】8月11-14日，满199减100，领券立减》》领券立减,108.00,https:done,https://item.jd.com/100008043272.html,https://item.jd.com/100008043272.html,8900+,1000117165,京东自营,https://www.jd.com/allSort.aspx,京东物流,None,None,8900+,8900+,None
79,100008043272,【品质家居，好物直降】8月11-14日，满199减100，领券立减》》领券立减,108.00,https:done,https://item.jd.com/100008043272.html,https://item.jd.com/100008043272.html,8900+,1000117165,京东自营,https://www.jd.com/allSort.aspx,京东物流,None,None,8900+,8900+,None
80,100008043272,【品质家居，好物直降】8月11-14日，满199减100，领券立减》》领券立减,108.00,https:done,https://item.jd.com/100008043272.html,https://item.jd.com/100008043272.html,8900+,1000117165,京东自营,https://www.jd.com/allSort.aspx,京东物流,None,None,8900+,8900+,None
81,55840634854,【第二件半价】婴儿奶瓶级别材质,59.00,https:done,https://item.jd.com/55840634854.html,//item.jd.com/55840634854.html,5200+,1000117165,旻蓝家居专营店,https://www.jd.com/allSort.aspx,京东物流,None,None,5200+,5200+,None
82,55840634854,【第二件半价】婴儿奶瓶级别材质,59.00,https:done,https://item.jd.com/55840634854.html,https://item.jd.com/55840634854.html,5200+,1000117165,京东自营,https://www.jd.com/allSort.aspx,京东物流,None,None,5200+,5200+,None
83,55840634854,【第二件半价】婴儿奶瓶级别材质,59.00,https:done,https://item.jd.com/55840634854.html,https://item.jd.com/55840634854.html,5200+,1000117165,京东自营,https://www.jd.com/allSort.aspx,京东物流,None,None,5200+,5200+,None
84,55840634854,【第二件半价】婴儿奶瓶级别材质,59.00,https:done,https://item.jd.com/55840634854.html,https://item.jd.com/55840634854.html,5200+,1000117165,京东自营,https://www.jd.com/allSort.aspx,京东物流,None,None,5200+,5200+,None
85,55840634854,【第二件半价】婴儿奶瓶级别材质,59.00,https:done,https://item.jd.com/55840634854.html,https://item.jd.com/55840634854.html,5200+,1000117165,京东自营,https://www.jd.com/allSort.aspx,京东物流,None,None,5200+,5200+,None
86,27110243367,天喜经典双层商务玻璃杯，京东八仓发货！限时特惠！！点击查看,18.80,https:done,https://item.jd.com/27110243367.html,//item.jd.com/27110243367.html,10万+,1000117165,天喜官方旗舰店,https://www.jd.com/allSort.aspx,京东物流,None,None,10万+,10万+,None
87,27110243367,天喜经典双层商务玻璃杯，京东八仓发货！限时特惠！！点击查看,18.80,https:done,https://item.jd.com/27110243367.html,https://item.jd.com/27110243367.html,10万+,1000117165,京东自营,https://www.jd.com/allSort.aspx,京东物流,None,None,10万+,10万+,None
88,27110243367,天喜经典双层商务玻璃杯，京东八仓发货！限时特惠！！点击查看,18.80,https:done,https://item.jd.com/27110243367.html,https://item.jd.com/27110243367.html,10万+,1000117165,京东自营,https://www.jd.com/allSort.aspx,京东物流,None,None,10万+,10万+,None
89,27110243367,天喜经典双层商务玻璃杯，京东八仓发货！限时特惠！！点击查看,18.80,https:done,https://item.jd.com/27110243367.html,https://item.jd.com/27110243367.html,10万+,1000117165,京东自营,https://www.jd.com/allSort.aspx,京东物流,None,None,10万+,10万+,None
90,27110243367,天喜经典双层商务玻璃杯，京东八仓发货！限时特惠！！点击查看,18.80,https:done,https://item.jd.com/27110243367.html,https://item.jd.com/27110243367.html,10万+,1000117165,京东自营,https://www.jd.com/allSort.aspx,京东物流,None,None,10万+,10万+,None
91,27110243367,天喜经典双层商务玻璃杯，京东八仓发货！限时特惠！！点击查看,18.80,https:done,https://item.jd.com/27110243367.html,https://item.jd.com/27110243367.html,10万+,1000117165,京东自营,https://www.jd.com/allSort.aspx,京东物流,None,None,10万+,10万+,None
92,27110243367,天喜经典双层商务玻璃杯，京东八仓发货！限时特惠！！点击查看,18.80,https:done,https://item.jd.com/27110243367.html,https://item.jd.com/27110243367.html,10万+,1000117165,京东自营,https://www.jd.com/allSort.aspx,京东物流,None,None,10万+,10万+,None
93,27110243367,天喜经典双层商务玻璃杯，京东八仓发货！限时特惠！！点击查看,18.80,https:done,https://item.jd.com/27110243367.html,https://item.jd.com/27110243367.html,10万+,1000117165,京东自营,https://www.jd.com/allSort.aspx,京东物流,None,None,10万+,10万+,None
94,27110243367,天喜经典双层商务玻璃杯，京东八仓发货！限时特惠！！点击查看,18.80,https:done,https://item.jd.com/27110243367.html,https://item.jd.com/27110243367.html,10万+,1000117165,京东自营,https://www.jd.com/allSort.aspx,京东物流,None,None,10万+,10万+,None
95,27110243367,天喜经典双层商务玻璃杯，京东八仓发货！限时特惠！！点击查看,18.80,https:done,https://item.jd.com/27110243367.html,https://item.jd.com/27110243367.html,10万+,1000117165,京东自营,https://www.jd.com/allSort.aspx,京东物流,None,None,10万+,10万+,None
96,27110243367,天喜经典双层商务玻璃杯，京东八仓发货！限时特惠！！点击查看,18.80,https:done,https://item.jd.com/27110243367.html,https://item.jd.com/27110243367.html,10万+,1000117165,京东自营,https://www.jd.com/allSort.aspx,京东物流,None,None,10万+,10万+,None
97,27110243367,天喜经典双层商务玻璃杯，京东八仓发货！限时特惠！！点击查看,18.80,https:done,https://item.jd.com/27110243367.html,https://item.jd.com/27110243367.html,10万+,1000117165,京东自营,https://www.jd.com/allSort.aspx,京东物流,None,None,10万+,10万+,None
98,1197051,【品质家居，好物直降】8月11-14日，满199减100，领券立减》》领券立减,19.90,https:done,https://item.jd.com/1197051.html,//item.jd.com/1197051.html,9.6万+,1000117165,富光京东自营旗舰店,https://www.jd.com/allSort.aspx,京东物流,None,None,9.6万+,9.6万+,None
99,1197051,【品质家居，好物直降】8月11-14日，满199减100，领券立减》》领券立减,19.90,https:done,https://item.jd.com/1197051.html,https://item.jd.com/1197051.html,9.6万+,1000117165,京东自营,https://www.jd.com/allSort.aspx,京东物流,None,None,9.6万+,9.6万+,None
100,1197051,【品质家居，好物直降】8月11-14日，满199减100，领券立减》》领券立减,19.90,https:done,https://item.jd.com/1197051.html,https://item.jd.com/1197051.html,9.6万+,1000117165,京东自营,https://www.jd.com/allSort.aspx,京东物流,None,None,9.6万+,9.6万+,None
101,1197051,【品质家居，好物直降】8月11-14日，满199减100，领券立减》》领券立减,19.90,https:done,https://item.jd.com/1197051.html,https://item.jd.com/1197051.html,9.6万+,1000117165,京东自营,https://www.jd.com/allSort.aspx,京东物流,None,None,9.6万+,9.6万+,None
102,1197051,【品质家居，好物直降】8月11-14日，满199减100，领券立减》》领券立减,19.90,https:done,https://item.jd.com/1197051.html,https://item.jd.com/1197051.html,9.6万+,1000117165,京东自营,https://www.jd.com/allSort.aspx,京东物流,None,None,9.6万+,9.6万+,None
103,1197051,【品质家居，好物直降】8月11-14日，满199减100，领券立减》》领券立减,19.90,https:done,https://item.jd.com/1197051.html,https://item.jd.com/1197051.html,9.6万+,1000117165,京东自营,https://www.jd.com/allSort.aspx,京东物流,None,None,9.6万+,9.6万+,None
104,1197051,【品质家居，好物直降】8月11-14日，满199减100，领券立减》》领券立减,19.90,https:done,https://item.jd.com/1197051.html,https://item.jd.com/1197051.html,9.6万+,1000117165,京东自营,https://www.jd.com/allSort.aspx,京东物流,None,None,9.6万+,9.6万+,None
105,100008313112,【品质家居，好物直降】8月11-14日，满199减100，领券立减》》领券立减,28.80,https:done,https://item.jd.com/100008313112.html,//item.jd.com/100008313112.html,3.1万+,1000117165,天喜京东自营旗舰店,https://www.jd.com/allSort.aspx,京东物流,None,None,3.1万+,3.1万+,None
106,100008313112,【品质家居，好物直降】8月11-14日，满199减100，领券立减》》领券立减,28.80,https:done,https://item.jd.com/100008313112.html,https://item.jd.com/100008313112.html,3.1万+,1000117165,京东自营,https://www.jd.com/allSort.aspx,京东物流,None,None,3.1万+,3.1万+,None
107,100008313112,【品质家居，好物直降】8月11-14日，满199减100，领券立减》》领券立减,28.80,https:done,https://item.jd.com/100008313112.html,https://item.jd.com/100008313112.html,3.1万+,1000117165,京东自营,https://www.jd.com/allSort.aspx,京东物流,None,None,3.1万+,3.1万+,None
108,100008313112,【品质家居，好物直降】8月11-14日，满199减100，领券立减》》领券立减,28.80,https:done,https://item.jd.com/100008313112.html,https://item.jd.com/100008313112.html,3.1万+,1000117165,京东自营,https://www.jd.com/allSort.aspx,京东物流,None,None,3.1万+,3.1万+,None
109,100006359677,,39.00,https:done,https://item.jd.com/100006359677.html,//item.jd.com/100006359677.html,1.6万+,1000117165,乐扣乐扣（LOCK&LOCK）京东自营旗舰店,https://www.jd.com/allSort.aspx,京东物流,None,None,1.6万+,1.6万+,None
110,100006359677,,39.00,https:done,https://item.jd.com/100006359677.html,https://item.jd.com/100006359677.html,1.6万+,1000117165,京东自营,https://www.jd.com/allSort.aspx,京东物流,None,None,1.6万+,1.6万+,None
111,100001720763,【品质家居，好物直降】8月11-14日，满199减100，领券立减》》领券立减,82.80,https:done,https://item.jd.com/100001720763.html,//item.jd.com/100001720763.html,4.2万+,1000117165,特百惠京东自营专区,https://www.jd.com/allSort.aspx,京东物流,None,None,4.2万+,4.2万+,None
112,100001720763,【品质家居，好物直降】8月11-14日，满199减100，领券立减》》领券立减,82.80,https:done,https://item.jd.com/100001720763.html,https://item.jd.com/100001720763.html,4.2万+,1000117165,京东自营,https://www.jd.com/allSort.aspx,京东物流,None,None,4.2万+,4.2万+,None
113,100001720763,【品质家居，好物直降】8月11-14日，满199减100，领券立减》》领券立减,82.80,https:done,https://item.jd.com/100001720763.html,https://item.jd.com/100001720763.html,4.2万+,1000117165,京东自营,https://www.jd.com/allSort.aspx,京东物流,None,None,4.2万+,4.2万+,None
114,53365293683,耐高温可以直接装开水，渐变色图案好看、磨砂手感超级棒。460毫升容量适中带便携手提还送隔热杯套超级好看实用,19.80,https:done,https://item.jd.com/53365293683.html,//item.jd.com/53365293683.html,2.3万+,1000117165,波比熊BOBBI BEAR爱彼专卖店,https://www.jd.com/allSort.aspx,京东物流,None,None,2.3万+,2.3万+,None
115,53365293683,耐高温可以直接装开水，渐变色图案好看、磨砂手感超级棒。460毫升容量适中带便携手提还送隔热杯套超级好看实用,19.80,https:done,https://item.jd.com/53365293683.html,https://item.jd.com/53365293683.html,2.3万+,1000117165,京东自营,https://www.jd.com/allSort.aspx,京东物流,None,None,2.3万+,2.3万+,None
116,53365293683,耐高温可以直接装开水，渐变色图案好看、磨砂手感超级棒。460毫升容量适中带便携手提还送隔热杯套超级好看实用,19.80,https:done,https://item.jd.com/53365293683.html,https://item.jd.com/53365293683.html,2.3万+,1000117165,京东自营,https://www.jd.com/allSort.aspx,京东物流,None,None,2.3万+,2.3万+,None
117,53365293683,耐高温可以直接装开水，渐变色图案好看、磨砂手感超级棒。460毫升容量适中带便携手提还送隔热杯套超级好看实用,19.80,https:done,https://item.jd.com/53365293683.html,https://item.jd.com/53365293683.html,2.3万+,1000117165,京东自营,https://www.jd.com/allSort.aspx,京东物流,None,None,2.3万+,2.3万+,None
118,53365293683,耐高温可以直接装开水，渐变色图案好看、磨砂手感超级棒。460毫升容量适中带便携手提还送隔热杯套超级好看实用,19.80,https:done,https://item.jd.com/53365293683.html,https://item.jd.com/53365293683.html,2.3万+,1000117165,京东自营,https://www.jd.com/allSort.aspx,京东物流,None,None,2.3万+,2.3万+,None
119,53365293683,耐高温可以直接装开水，渐变色图案好看、磨砂手感超级棒。460毫升容量适中带便携手提还送隔热杯套超级好看实用,19.80,https:done,https://item.jd.com/53365293683.html,https://item.jd.com/53365293683.html,2.3万+,1000117165,京东自营,https://www.jd.com/allSort.aspx,京东物流,None,None,2.3万+,2.3万+,None
120,53365293683,耐高温可以直接装开水，渐变色图案好看、磨砂手感超级棒。460毫升容量适中带便携手提还送隔热杯套超级好看实用,19.80,https:done,https://item.jd.com/53365293683.html,https://item.jd.com/53365293683.html,2.3万+,1000117165,京东自营,https://www.jd.com/allSort.aspx,京东物流,None,None,2.3万+,2.3万+,None
121,53365293683,耐高温可以直接装开水，渐变色图案好看、磨砂手感超级棒。460毫升容量适中带便携手提还送隔热杯套超级好看实用,19.80,https:done,https://item.jd.com/53365293683.html,https://item.jd.com/53365293683.html,2.3万+,1000117165,京东自营,https://www.jd.com/allSort.aspx,京东物流,None,None,2.3万+,2.3万+,None
122,53365293683,耐高温可以直接装开水，渐变色图案好看、磨砂手感超级棒。460毫升容量适中带便携手提还送隔热杯套超级好看实用,19.80,https:done,https://item.jd.com/53365293683.html,https://item.jd.com/53365293683.html,2.3万+,1000117165,京东自营,https://www.jd.com/allSort.aspx,京东物流,None,None,2.3万+,2.3万+,None
123,100004078945,【品质家居，好物直降】8月11-14日，满199减100，领券立减》》领券立减,9.90,https:done,https://item.jd.com/100004078945.html,//item.jd.com/100004078945.html,1.6万+,1000117165,唯铭诺（WEIMINGNUO）京东自营旗舰店,https://www.jd.com/allSort.aspx,京东物流,None,None,1.6万+,1.6万+,None
124,100004078945,【品质家居，好物直降】8月11-14日，满199减100，领券立减》》领券立减,9.90,https:done,https://item.jd.com/100004078945.html,https://item.jd.com/100004078945.html,1.6万+,1000117165,京东自营,https://www.jd.com/allSort.aspx,京东物流,None,None,1.6万+,1.6万+,None
125,100004078945,【品质家居，好物直降】8月11-14日，满199减100，领券立减》》领券立减,9.90,https:done,https://item.jd.com/100004078945.html,https://item.jd.com/100004078945.html,1.6万+,1000117165,京东自营,https://www.jd.com/allSort.aspx,京东物流,None,None,1.6万+,1.6万+,None
126,100001011175,【品质家居，好物直降】8月11-14日，满199减100，领券立减》》领券立减,99.00,https:done,https://item.jd.com/100001011175.html,//item.jd.com/100001011175.html,4.2万+,1000117165,特百惠京东自营专区,https://www.jd.com/allSort.aspx,京东物流,None,None,4.2万+,4.2万+,None
127,100001011175,【品质家居，好物直降】8月11-14日，满199减100，领券立减》》领券立减,99.00,https:done,https://item.jd.com/100001011175.html,https://item.jd.com/100001011175.html,4.2万+,1000117165,京东自营,https://www.jd.com/allSort.aspx,京东物流,None,None,4.2万+,4.2万+,None
128,100001011175,【品质家居，好物直降】8月11-14日，满199减100，领券立减》》领券立减,99.00,https:done,https://item.jd.com/100001011175.html,https://item.jd.com/100001011175.html,4.2万+,1000117165,京东自营,https://www.jd.com/allSort.aspx,京东物流,None,None,4.2万+,4.2万+,None
129,999324,[青苹果为爱而生的玻璃]8.11-8.14满2件8折满3件7折猛戳点击进入链接,9.90,https:done,https://item.jd.com/999324.html,//item.jd.com/999324.html,13万+,1000117165,青苹果京东自营旗舰店,https://www.jd.com/allSort.aspx,京东物流,None,None,13万+,13万+,None
130,999324,[青苹果为爱而生的玻璃]8.11-8.14满2件8折满3件7折猛戳点击进入链接,9.90,https:done,https://item.jd.com/999324.html,https://item.jd.com/999324.html,13万+,1000117165,京东自营,https://www.jd.com/allSort.aspx,京东物流,None,None,13万+,13万+,None
131,10280626374,,108.00,https:done,https://item.jd.com/10280626374.html,//item.jd.com/10280626374.html,2800+,1000117165,膳魔师佳美专卖店,https://www.jd.com/allSort.aspx,京东物流,None,None,2800+,2800+,None
132,10280626374,,108.00,https:done,https://item.jd.com/10280626374.html,https://item.jd.com/10280626374.html,2800+,1000117165,京东自营,https://www.jd.com/allSort.aspx,京东物流,None,None,2800+,2800+,None
133,71062193883,tritan材质耐热无异味,59.90,https:done,https://item.jd.com/71062193883.html,//item.jd.com/71062193883.html,700+,1000117165,Vanow厨具京东自营旗舰店,https://www.jd.com/allSort.aspx,京东物流,None,None,700+,700+,None
134,71062193883,tritan材质耐热无异味,59.90,https:done,https://item.jd.com/71062193883.html,https://item.jd.com/71062193883.html,700+,1000117165,京东自营,https://www.jd.com/allSort.aspx,京东物流,None,None,700+,700+,None
135,71062193883,tritan材质耐热无异味,59.90,https:done,https://item.jd.com/71062193883.html,https://item.jd.com/71062193883.html,700+,1000117165,京东自营,https://www.jd.com/allSort.aspx,京东物流,None,None,700+,700+,None
136,71062193883,tritan材质耐热无异味,59.90,https:done,https://item.jd.com/71062193883.html,https://item.jd.com/71062193883.html,700+,1000117165,京东自营,https://www.jd.com/allSort.aspx,京东物流,None,None,700+,700+,None
137,55336323608,美国zippo塑料防摔大容量户外水壶便携健身运动水杯男女Tritan杯 墨玉黑800ml,79.00,https:done,https://item.jd.com/55336323608.html,//item.jd.com/55336323608.html,5000+,1000117165,ZIPPO厨具旗舰店,https://www.jd.com/allSort.aspx,京东物流,None,None,5000+,5000+,None
138,55336323608,美国zippo塑料防摔大容量户外水壶便携健身运动水杯男女Tritan杯 墨玉黑800ml,79.00,https:done,https://item.jd.com/55336323608.html,https://item.jd.com/55336323608.html,5000+,1000117165,京东自营,https://www.jd.com/allSort.aspx,京东物流,None,None,5000+,5000+,None
139,55336323608,美国zippo塑料防摔大容量户外水壶便携健身运动水杯男女Tritan杯 墨玉黑800ml,79.00,https:done,https://item.jd.com/55336323608.html,https://item.jd.com/55336323608.html,5000+,1000117165,京东自营,https://www.jd.com/allSort.aspx,京东物流,None,None,5000+,5000+,None
140,55336323608,美国zippo塑料防摔大容量户外水壶便携健身运动水杯男女Tritan杯 墨玉黑800ml,79.00,https:done,https://item.jd.com/55336323608.html,https://item.jd.com/55336323608.html,5000+,1000117165,京东自营,https://www.jd.com/allSort.aspx,京东物流,None,None,5000+,5000+,None
141,55336323608,美国zippo塑料防摔大容量户外水壶便携健身运动水杯男女Tritan杯 墨玉黑800ml,79.00,https:done,https://item.jd.com/55336323608.html,https://item.jd.com/55336323608.html,5000+,1000117165,京东自营,https://www.jd.com/allSort.aspx,京东物流,None,None,5000+,5000+,None
142,55336323608,美国zippo塑料防摔大容量户外水壶便携健身运动水杯男女Tritan杯 墨玉黑800ml,79.00,https:done,https://item.jd.com/55336323608.html,https://item.jd.com/55336323608.html,5000+,1000117165,京东自营,https://www.jd.com/allSort.aspx,京东物流,None,None,5000+,5000+,None
143,55336323608,美国zippo塑料防摔大容量户外水壶便携健身运动水杯男女Tritan杯 墨玉黑800ml,79.00,https:done,https://item.jd.com/55336323608.html,https://item.jd.com/55336323608.html,5000+,1000117165,京东自营,https://www.jd.com/allSort.aspx,京东物流,None,None,5000+,5000+,None
144,100002424235,【品质家居，好物直降】8月11-14日，满199减100，领券立减》》领券立减,59.00,https:done,https://item.jd.com/100002424235.html,//item.jd.com/100002424235.html,3.2万+,1000117165,乐扣乐扣（LOCK&LOCK）京东自营旗舰店,https://www.jd.com/allSort.aspx,京东物流,None,None,3.2万+,3.2万+,None
145,100002424235,【品质家居，好物直降】8月11-14日，满199减100，领券立减》》领券立减,59.00,https:done,https://item.jd.com/100002424235.html,https://item.jd.com/100002424235.html,3.2万+,1000117165,京东自营,https://www.jd.com/allSort.aspx,京东物流,None,None,3.2万+,3.2万+,None
146,100002424235,【品质家居，好物直降】8月11-14日，满199减100，领券立减》》领券立减,59.00,https:done,https://item.jd.com/100002424235.html,https://item.jd.com/100002424235.html,3.2万+,1000117165,京东自营,https://www.jd.com/allSort.aspx,京东物流,None,None,3.2万+,3.2万+,None
147,100002424235,【品质家居，好物直降】8月11-14日，满199减100，领券立减》》领券立减,59.00,https:done,https://item.jd.com/100002424235.html,https://item.jd.com/100002424235.html,3.2万+,1000117165,京东自营,https://www.jd.com/allSort.aspx,京东物流,None,None,3.2万+,3.2万+,None
148,100002424235,【品质家居，好物直降】8月11-14日，满199减100，领券立减》》领券立减,59.00,https:done,https://item.jd.com/100002424235.html,https://item.jd.com/100002424235.html,3.2万+,1000117165,京东自营,https://www.jd.com/allSort.aspx,京东物流,None,None,3.2万+,3.2万+,None
149,100002424235,【品质家居，好物直降】8月11-14日，满199减100，领券立减》》领券立减,59.00,https:done,https://item.jd.com/100002424235.html,https://item.jd.com/100002424235.html,3.2万+,1000117165,京东自营,https://www.jd.com/allSort.aspx,京东物流,None,None,3.2万+,3.2万+,None
150,100004446559,【品质家居，好物直降】8月11-14日，满199减100，领券立减》》领券立减,18.90,https:done,https://item.jd.com/100004446559.html,//item.jd.com/100004446559.html,1.5万+,1000117165,贝瑟斯京东自营旗舰店,https://www.jd.com/allSort.aspx,京东物流,None,None,1.5万+,1.5万+,None
151,100004446559,【品质家居，好物直降】8月11-14日，满199减100，领券立减》》领券立减,18.90,https:done,https://item.jd.com/100004446559.html,https://item.jd.com/100004446559.html,1.5万+,1000117165,京东自营,https://www.jd.com/allSort.aspx,京东物流,None,None,1.5万+,1.5万+,None
152,67073939547,进口材质，安全喝水，坚固耐摔，便携防漏,99.00,https:done,https://item.jd.com/67073939547.html,//item.jd.com/67073939547.html,6600+,1000117165,晓铮家居专营店,https://www.jd.com/allSort.aspx,京东物流,None,None,6600+,6600+,None
153,67073939547,进口材质，安全喝水，坚固耐摔，便携防漏,99.00,https:done,https://item.jd.com/67073939547.html,https://item.jd.com/67073939547.html,6600+,1000117165,京东自营,https://www.jd.com/allSort.aspx,京东物流,None,None,6600+,6600+,None
154,67073939547,进口材质，安全喝水，坚固耐摔，便携防漏,99.00,https:done,https://item.jd.com/67073939547.html,https://item.jd.com/67073939547.html,6600+,1000117165,京东自营,https://www.jd.com/allSort.aspx,京东物流,None,None,6600+,6600+,None
155,67073939547,进口材质，安全喝水，坚固耐摔，便携防漏,99.00,https:done,https://item.jd.com/67073939547.html,https://item.jd.com/67073939547.html,6600+,1000117165,京东自营,https://www.jd.com/allSort.aspx,京东物流,None,None,6600+,6600+,None
156,67073939547,进口材质，安全喝水，坚固耐摔，便携防漏,99.00,https:done,https://item.jd.com/67073939547.html,https://item.jd.com/67073939547.html,6600+,1000117165,京东自营,https://www.jd.com/allSort.aspx,京东物流,None,None,6600+,6600+,None
157,67073939547,进口材质，安全喝水，坚固耐摔，便携防漏,99.00,https:done,https://item.jd.com/67073939547.html,https://item.jd.com/67073939547.html,6600+,1000117165,京东自营,https://www.jd.com/allSort.aspx,京东物流,None,None,6600+,6600+,None
158,67073939547,进口材质，安全喝水，坚固耐摔，便携防漏,99.00,https:done,https://item.jd.com/67073939547.html,https://item.jd.com/67073939547.html,6600+,1000117165,京东自营,https://www.jd.com/allSort.aspx,京东物流,None,None,6600+,6600+,None
159,67073939547,进口材质，安全喝水，坚固耐摔，便携防漏,99.00,https:done,https://item.jd.com/67073939547.html,https://item.jd.com/67073939547.html,6600+,1000117165,京东自营,https://www.jd.com/allSort.aspx,京东物流,None,None,6600+,6600+,None
160,67073939547,进口材质，安全喝水，坚固耐摔，便携防漏,99.00,https:done,https://item.jd.com/67073939547.html,https://item.jd.com/67073939547.html,6600+,1000117165,京东自营,https://www.jd.com/allSort.aspx,京东物流,None,None,6600+,6600+,None
161,67073939547,进口材质，安全喝水，坚固耐摔，便携防漏,99.00,https:done,https://item.jd.com/67073939547.html,https://item.jd.com/67073939547.html,6600+,1000117165,京东自营,https://www.jd.com/allSort.aspx,京东物流,None,None,6600+,6600+,None
162,67073939547,进口材质，安全喝水，坚固耐摔，便携防漏,99.00,https:done,https://item.jd.com/67073939547.html,https://item.jd.com/67073939547.html,6600+,1000117165,京东自营,https://www.jd.com/allSort.aspx,京东物流,None,None,6600+,6600+,None
163,67073939547,进口材质，安全喝水，坚固耐摔，便携防漏,99.00,https:done,https://item.jd.com/67073939547.html,https://item.jd.com/67073939547.html,6600+,1000117165,京东自营,https://www.jd.com/allSort.aspx,京东物流,None,None,6600+,6600+,None
164,4203237,【品质家居，好物直降】8月11-14日，满199减100，领券立减》》领券立减,158.00,https:done,https://item.jd.com/4203237.html,//item.jd.com/4203237.html,2.4万+,1000117165,膳魔师京东自营旗舰店,https://www.jd.com/allSort.aspx,京东物流,None,None,2.4万+,2.4万+,None
165,4203237,【品质家居，好物直降】8月11-14日，满199减100，领券立减》》领券立减,158.00,https:done,https://item.jd.com/4203237.html,https://item.jd.com/4203237.html,2.4万+,1000117165,京东自营,https://www.jd.com/allSort.aspx,京东物流,None,None,2.4万+,2.4万+,None
166,4203237,【品质家居，好物直降】8月11-14日，满199减100，领券立减》》领券立减,158.00,https:done,https://item.jd.com/4203237.html,https://item.jd.com/4203237.html,2.4万+,1000117165,京东自营,https://www.jd.com/allSort.aspx,京东物流,None,None,2.4万+,2.4万+,None
167,4203237,【品质家居，好物直降】8月11-14日，满199减100，领券立减》》领券立减,158.00,https:done,https://item.jd.com/4203237.html,https://item.jd.com/4203237.html,2.4万+,1000117165,京东自营,https://www.jd.com/allSort.aspx,京东物流,None,None,2.4万+,2.4万+,None
168,4203237,【品质家居，好物直降】8月11-14日，满199减100，领券立减》》领券立减,158.00,https:done,https://item.jd.com/4203237.html,https://item.jd.com/4203237.html,2.4万+,1000117165,京东自营,https://www.jd.com/allSort.aspx,京东物流,None,None,2.4万+,2.4万+,None
169,4203237,【品质家居，好物直降】8月11-14日，满199减100，领券立减》》领券立减,158.00,https:done,https://item.jd.com/4203237.html,https://item.jd.com/4203237.html,2.4万+,1000117165,京东自营,https://www.jd.com/allSort.aspx,京东物流,None,None,2.4万+,2.4万+,None
170,4203237,【品质家居，好物直降】8月11-14日，满199减100，领券立减》》领券立减,158.00,https:done,https://item.jd.com/4203237.html,https://item.jd.com/4203237.html,2.4万+,1000117165,京东自营,https://www.jd.com/allSort.aspx,京东物流,None,None,2.4万+,2.4万+,None
171,4203237,【品质家居，好物直降】8月11-14日，满199减100，领券立减》》领券立减,158.00,https:done,https://item.jd.com/4203237.html,https://item.jd.com/4203237.html,2.4万+,1000117165,京东自营,https://www.jd.com/allSort.aspx,京东物流,None,None,2.4万+,2.4万+,None
172,4203237,【品质家居，好物直降】8月11-14日，满199减100，领券立减》》领券立减,158.00,https:done,https://item.jd.com/4203237.html,https://item.jd.com/4203237.html,2.4万+,1000117165,京东自营,https://www.jd.com/allSort.aspx,京东物流,None,None,2.4万+,2.4万+,None
173,100006705634,【品质家居，好物直降】8月11-14日，满199减100，领券立减》》领券立减,65.00,https:done,https://item.jd.com/100006705634.html,//item.jd.com/100006705634.html,1.1万+,1000117165,乐扣乐扣（LOCK&LOCK）京东自营旗舰店,https://www.jd.com/allSort.aspx,京东物流,None,None,1.1万+,1.1万+,None
174,100006705634,【品质家居，好物直降】8月11-14日，满199减100，领券立减》》领券立减,65.00,https:done,https://item.jd.com/100006705634.html,https://item.jd.com/100006705634.html,1.1万+,1000117165,京东自营,https://www.jd.com/allSort.aspx,京东物流,None,None,1.1万+,1.1万+,None
175,100006705634,【品质家居，好物直降】8月11-14日，满199减100，领券立减》》领券立减,65.00,https:done,https://item.jd.com/100006705634.html,https://item.jd.com/100006705634.html,1.1万+,1000117165,京东自营,https://www.jd.com/allSort.aspx,京东物流,None,None,1.1万+,1.1万+,None
176,70533978359,,138.00,https:done,https://item.jd.com/70533978359.html,//item.jd.com/70533978359.html,500+,1000117165,eno旗舰店,https://www.jd.com/allSort.aspx,京东物流,None,None,500+,500+,None
177,70533978359,,138.00,https:done,https://item.jd.com/70533978359.html,https://item.jd.com/70533978359.html,500+,1000117165,京东自营,https://www.jd.com/allSort.aspx,京东物流,None,None,500+,500+,None
178,28206536787,美国TRITAN材质，装热水不会产生BPA等有害物质。赠运费险，支持7天无理由退换。,63.80,https:done,https://item.jd.com/28206536787.html,//item.jd.com/28206536787.html,1.1万+,1000117165,DFIFAN官方旗舰店,https://www.jd.com/allSort.aspx,京东物流,None,None,1.1万+,1.1万+,None
179,28206536787,美国TRITAN材质，装热水不会产生BPA等有害物质。赠运费险，支持7天无理由退换。,63.80,https:done,https://item.jd.com/28206536787.html,https://item.jd.com/28206536787.html,1.1万+,1000117165,京东自营,https://www.jd.com/allSort.aspx,京东物流,None,None,1.1万+,1.1万+,None
180,28206536787,美国TRITAN材质，装热水不会产生BPA等有害物质。赠运费险，支持7天无理由退换。,63.80,https:done,https://item.jd.com/28206536787.html,https://item.jd.com/28206536787.html,1.1万+,1000117165,京东自营,https://www.jd.com/allSort.aspx,京东物流,None,None,1.1万+,1.1万+,None
181,28206536787,美国TRITAN材质，装热水不会产生BPA等有害物质。赠运费险，支持7天无理由退换。,63.80,https:done,https://item.jd.com/28206536787.html,https://item.jd.com/28206536787.html,1.1万+,1000117165,京东自营,https://www.jd.com/allSort.aspx,京东物流,None,None,1.1万+,1.1万+,None
182,100011141196,【品质家居，好物直降】8月11-14日，满199减100，领券立减》》领券立减,99.00,https:done,https://item.jd.com/100011141196.html,//item.jd.com/100011141196.html,2.4万+,1000117165,哈尔斯（HAERS）京东自营旗舰店,https://www.jd.com/allSort.aspx,京东物流,None,None,2.4万+,2.4万+,None
183,100011141196,【品质家居，好物直降】8月11-14日，满199减100，领券立减》》领券立减,99.00,https:done,https://item.jd.com/100011141196.html,https://item.jd.com/100011141196.html,2.4万+,1000117165,京东自营,https://www.jd.com/allSort.aspx,京东物流,None,None,2.4万+,2.4万+,None
184,100011141196,【品质家居，好物直降】8月11-14日，满199减100，领券立减》》领券立减,99.00,https:done,https://item.jd.com/100011141196.html,https://item.jd.com/100011141196.html,2.4万+,1000117165,京东自营,https://www.jd.com/allSort.aspx,京东物流,None,None,2.4万+,2.4万+,None
185,5298126,【大牌秒杀】乐扣乐扣品牌秒杀！8月10日0点开始爆款低至24元，部分产品叠加2件8折，3件7折！酷爽嗨购，点此进入！！,59.90,https:done,https://item.jd.com/5298126.html,//item.jd.com/5298126.html,8.6万+,1000117165,乐扣乐扣（LOCK&LOCK）京东自营专区,https://www.jd.com/allSort.aspx,京东物流,None,None,8.6万+,8.6万+,None
186,5298126,【大牌秒杀】乐扣乐扣品牌秒杀！8月10日0点开始爆款低至24元，部分产品叠加2件8折，3件7折！酷爽嗨购，点此进入！！,59.90,https:done,https://item.jd.com/5298126.html,https://item.jd.com/5298126.html,8.6万+,1000117165,京东自营,https://www.jd.com/allSort.aspx,京东物流,None,None,8.6万+,8.6万+,None
187,5298126,【大牌秒杀】乐扣乐扣品牌秒杀！8月10日0点开始爆款低至24元，部分产品叠加2件8折，3件7折！酷爽嗨购，点此进入！！,59.90,https:done,https://item.jd.com/5298126.html,https://item.jd.com/5298126.html,8.6万+,1000117165,京东自营,https://www.jd.com/allSort.aspx,京东物流,None,None,8.6万+,8.6万+,None
188,5298126,【大牌秒杀】乐扣乐扣品牌秒杀！8月10日0点开始爆款低至24元，部分产品叠加2件8折，3件7折！酷爽嗨购，点此进入！！,59.90,https:done,https://item.jd.com/5298126.html,https://item.jd.com/5298126.html,8.6万+,1000117165,京东自营,https://www.jd.com/allSort.aspx,京东物流,None,None,8.6万+,8.6万+,None
189,71721589602,,69.90,https:done,https://item.jd.com/71721589602.html,//item.jd.com/71721589602.html,1000+,1000117165,日成厨具旗舰店,https://www.jd.com/allSort.aspx,京东物流,None,None,1000+,1000+,None
190,71721589602,,69.90,https:done,https://item.jd.com/71721589602.html,https://item.jd.com/71721589602.html,1000+,1000117165,京东自营,https://www.jd.com/allSort.aspx,京东物流,None,None,1000+,1000+,None
191,28465547318,【德国品质】独立茶仓茶水分离【自营配送】全国七仓急速发货当日次日达 赠送杯套杯刷杯垫礼盒支持团购定制LOGO刻字更多款式点此进入,79.00,https:done,https://item.jd.com/28465547318.html,//item.jd.com/28465547318.html,5万+,1000117165,X.P.X旗舰店,https://www.jd.com/allSort.aspx,京东物流,None,None,5万+,5万+,None
192,28465547318,【德国品质】独立茶仓茶水分离【自营配送】全国七仓急速发货当日次日达 赠送杯套杯刷杯垫礼盒支持团购定制LOGO刻字更多款式点此进入,79.00,https:done,https://item.jd.com/28465547318.html,https://item.jd.com/28465547318.html,5万+,1000117165,京东自营,https://www.jd.com/allSort.aspx,京东物流,None,None,5万+,5万+,None
193,28465547318,【德国品质】独立茶仓茶水分离【自营配送】全国七仓急速发货当日次日达 赠送杯套杯刷杯垫礼盒支持团购定制LOGO刻字更多款式点此进入,79.00,https:done,https://item.jd.com/28465547318.html,https://item.jd.com/28465547318.html,5万+,1000117165,京东自营,https://www.jd.com/allSort.aspx,京东物流,None,None,5万+,5万+,None
194,28465547318,【德国品质】独立茶仓茶水分离【自营配送】全国七仓急速发货当日次日达 赠送杯套杯刷杯垫礼盒支持团购定制LOGO刻字更多款式点此进入,79.00,https:done,https://item.jd.com/28465547318.html,https://item.jd.com/28465547318.html,5万+,1000117165,京东自营,https://www.jd.com/allSort.aspx,京东物流,None,None,5万+,5万+,None
195,28465547318,【德国品质】独立茶仓茶水分离【自营配送】全国七仓急速发货当日次日达 赠送杯套杯刷杯垫礼盒支持团购定制LOGO刻字更多款式点此进入,79.00,https:done,https://item.jd.com/28465547318.html,https://item.jd.com/28465547318.html,5万+,1000117165,京东自营,https://www.jd.com/allSort.aspx,京东物流,None,None,5万+,5万+,None
196,24173031009,小麦秸秆双层随手杯创意便携随手杯环保水杯带盖学生杯子 颜色随机 300ml,10.00,https:done,https://item.jd.com/24173031009.html,//item.jd.com/24173031009.html,1.3万+,1000117165,艺尚厨具专营店,https://www.jd.com/allSort.aspx,京东物流,None,None,1.3万+,1.3万+,None
197,24173031009,小麦秸秆双层随手杯创意便携随手杯环保水杯带盖学生杯子 颜色随机 300ml,10.00,https:done,https://item.jd.com/24173031009.html,https://item.jd.com/24173031009.html,1.3万+,1000117165,京东自营,https://www.jd.com/allSort.aspx,京东物流,None,None,1.3万+,1.3万+,None
198,68012101191,【买1送1】抗菌合金筷子新品价39.9元！第二件半价！现在下单赠送5双金福合金筷点击购买,29.90,https:done,https://item.jd.com/68012101191.html,//item.jd.com/68012101191.html,9500+,1000117165,创健旗舰店,https://www.jd.com/allSort.aspx,京东物流,None,None,9500+,9500+,None
199,68012101191,【买1送1】抗菌合金筷子新品价39.9元！第二件半价！现在下单赠送5双金福合金筷点击购买,29.90,https:done,https://item.jd.com/68012101191.html,https://item.jd.com/68012101191.html,9500+,1000117165,京东自营,https://www.jd.com/allSort.aspx,京东物流,None,None,9500+,9500+,None
200,68012101191,【买1送1】抗菌合金筷子新品价39.9元！第二件半价！现在下单赠送5双金福合金筷点击购买,29.90,https:done,https://item.jd.com/68012101191.html,https://item.jd.com/68012101191.html,9500+,1000117165,京东自营,https://www.jd.com/allSort.aspx,京东物流,None,None,9500+,9500+,None
201,68012101191,【买1送1】抗菌合金筷子新品价39.9元！第二件半价！现在下单赠送5双金福合金筷点击购买,29.90,https:done,https://item.jd.com/68012101191.html,https://item.jd.com/68012101191.html,9500+,1000117165,京东自营,https://www.jd.com/allSort.aspx,京东物流,None,None,9500+,9500+,None
202,68012101191,【买1送1】抗菌合金筷子新品价39.9元！第二件半价！现在下单赠送5双金福合金筷点击购买,29.90,https:done,https://item.jd.com/68012101191.html,https://item.jd.com/68012101191.html,9500+,1000117165,京东自营,https://www.jd.com/allSort.aspx,京东物流,None,None,9500+,9500+,None
203,100011141236,【品质家居，好物直降】8月11-14日，满199减100，领券立减》》领券立减,148.00,https:done,https://item.jd.com/100011141236.html,//item.jd.com/100011141236.html,900+,1000117165,膳魔师京东自营旗舰店,https://www.jd.com/allSort.aspx,京东物流,None,None,900+,900+,None
204,100011141236,【品质家居，好物直降】8月11-14日，满199减100，领券立减》》领券立减,148.00,https:done,https://item.jd.com/100011141236.html,https://item.jd.com/100011141236.html,900+,1000117165,京东自营,https://www.jd.com/allSort.aspx,京东物流,None,None,900+,900+,None
205,100011141236,【品质家居，好物直降】8月11-14日，满199减100，领券立减》》领券立减,148.00,https:done,https://item.jd.com/100011141236.html,https://item.jd.com/100011141236.html,900+,1000117165,京东自营,https://www.jd.com/allSort.aspx,京东物流,None,None,900+,900+,None
206,100011966250,【大牌秒杀】乐扣乐扣品牌秒杀！8月10日0点开始爆款低至24元，部分产品叠加2件8折，3件7折！酷爽嗨购，点此进入！！,49.90,https:done,https://item.jd.com/100011966250.html,//item.jd.com/100011966250.html,5800+,1000117165,乐扣乐扣（LOCK&LOCK）京东自营专区,https://www.jd.com/allSort.aspx,京东物流,None,None,5800+,5800+,None
207,100011966250,【大牌秒杀】乐扣乐扣品牌秒杀！8月10日0点开始爆款低至24元，部分产品叠加2件8折，3件7折！酷爽嗨购，点此进入！！,49.90,https:done,https://item.jd.com/100011966250.html,https://item.jd.com/100011966250.html,5800+,1000117165,京东自营,https://www.jd.com/allSort.aspx,京东物流,None,None,5800+,5800+,None
208,100011966250,【大牌秒杀】乐扣乐扣品牌秒杀！8月10日0点开始爆款低至24元，部分产品叠加2件8折，3件7折！酷爽嗨购，点此进入！！,49.90,https:done,https://item.jd.com/100011966250.html,https://item.jd.com/100011966250.html,5800+,1000117165,京东自营,https://www.jd.com/allSort.aspx,京东物流,None,None,5800+,5800+,None
209,100011966250,【大牌秒杀】乐扣乐扣品牌秒杀！8月10日0点开始爆款低至24元，部分产品叠加2件8折，3件7折！酷爽嗨购，点此进入！！,49.90,https:done,https://item.jd.com/100011966250.html,https://item.jd.com/100011966250.html,5800+,1000117165,京东自营,https://www.jd.com/allSort.aspx,京东物流,None,None,5800+,5800+,None
210,100009225604,,79.00,https:done,https://item.jd.com/100009225604.html,//item.jd.com/100009225604.html,3.1万+,1000117165,富光京东自营旗舰店,https://www.jd.com/allSort.aspx,京东物流,None,None,3.1万+,3.1万+,None
211,100009225604,,79.00,https:done,https://item.jd.com/100009225604.html,https://item.jd.com/100009225604.html,3.1万+,1000117165,京东自营,https://www.jd.com/allSort.aspx,京东物流,None,None,3.1万+,3.1万+,None
212,68694975119,【小米品质好物】安心+省心+放心
【七仓速发】京东快递(99%产品已覆盖)
【售后无忧】极速审核赠运费险更多好货,77.99,https:done,https://item.jd.com/68694975119.html,//item.jd.com/68694975119.html,5000+,1000117165,智联优选旗舰店,https://www.jd.com/allSort.aspx,京东物流,None,None,5000+,5000+,None
213,68694975119,【小米品质好物】安心+省心+放心
【七仓速发】京东快递(99%产品已覆盖)
【售后无忧】极速审核赠运费险更多好货,77.99,https:done,https://item.jd.com/68694975119.html,https://item.jd.com/68694975119.html,5000+,1000117165,京东自营,https://www.jd.com/allSort.aspx,京东物流,None,None,5000+,5000+,None
214,100002135661,【品质家居，好物直降】8月11-14日，满199减100，领券立减》》领券立减,89.00,https:done,https://item.jd.com/100002135661.html,//item.jd.com/100002135661.html,2万+,1000117165,特百惠京东自营专区,https://www.jd.com/allSort.aspx,京东物流,None,None,2万+,2万+,None
215,100002135661,【品质家居，好物直降】8月11-14日，满199减100，领券立减》》领券立减,89.00,https:done,https://item.jd.com/100002135661.html,https://item.jd.com/100002135661.html,2万+,1000117165,京东自营,https://www.jd.com/allSort.aspx,京东物流,None,None,2万+,2万+,None
216,100002135661,【品质家居，好物直降】8月11-14日，满199减100，领券立减》》领券立减,89.00,https:done,https://item.jd.com/100002135661.html,https://item.jd.com/100002135661.html,2万+,1000117165,京东自营,https://www.jd.com/allSort.aspx,京东物流,None,None,2万+,2万+,None
217,100003053929,【品质家居，好物直降】8月11-14日，满199减100，领券立减》》领券立减,17.00,https:done,https://item.jd.com/100003053929.html,//item.jd.com/100003053929.html,1.5万+,1000117165,希乐（cille）京东自营旗舰店,https://www.jd.com/allSort.aspx,京东物流,None,None,1.5万+,1.5万+,None
218,100003053929,【品质家居，好物直降】8月11-14日，满199减100，领券立减》》领券立减,17.00,https:done,https://item.jd.com/100003053929.html,https://item.jd.com/100003053929.html,1.5万+,1000117165,京东自营,https://www.jd.com/allSort.aspx,京东物流,None,None,1.5万+,1.5万+,None
219,100003053929,【品质家居，好物直降】8月11-14日，满199减100，领券立减》》领券立减,17.00,https:done,https://item.jd.com/100003053929.html,https://item.jd.com/100003053929.html,1.5万+,1000117165,京东自营,https://www.jd.com/allSort.aspx,京东物流,None,None,1.5万+,1.5万+,None
220,100003053929,【品质家居，好物直降】8月11-14日，满199减100，领券立减》》领券立减,17.00,https:done,https://item.jd.com/100003053929.html,https://item.jd.com/100003053929.html,1.5万+,1000117165,京东自营,https://www.jd.com/allSort.aspx,京东物流,None,None,1.5万+,1.5万+,None
221,100003053929,【品质家居，好物直降】8月11-14日，满199减100，领券立减》》领券立减,17.00,https:done,https://item.jd.com/100003053929.html,https://item.jd.com/100003053929.html,1.5万+,1000117165,京东自营,https://www.jd.com/allSort.aspx,京东物流,None,None,1.5万+,1.5万+,None
222,100003053929,【品质家居，好物直降】8月11-14日，满199减100，领券立减》》领券立减,17.00,https:done,https://item.jd.com/100003053929.html,https://item.jd.com/100003053929.html,1.5万+,1000117165,京东自营,https://www.jd.com/allSort.aspx,京东物流,None,None,1.5万+,1.5万+,None
223,100003053929,【品质家居，好物直降】8月11-14日，满199减100，领券立减》》领券立减,17.00,https:done,https://item.jd.com/100003053929.html,https://item.jd.com/100003053929.html,1.5万+,1000117165,京东自营,https://www.jd.com/allSort.aspx,京东物流,None,None,1.5万+,1.5万+,None
224,100003053929,【品质家居，好物直降】8月11-14日，满199减100，领券立减》》领券立减,17.00,https:done,https://item.jd.com/100003053929.html,https://item.jd.com/100003053929.html,1.5万+,1000117165,京东自营,https://www.jd.com/allSort.aspx,京东物流,None,None,1.5万+,1.5万+,None
225,100006511793,【品质家居，好物直降】8月11-14日，满199减100，领券立减》》领券立减,69.00,https:done,https://item.jd.com/100006511793.html,//item.jd.com/100006511793.html,1.5万+,1000117165,特百惠京东自营专区,https://www.jd.com/allSort.aspx,京东物流,None,None,1.5万+,1.5万+,None
226,100006511793,【品质家居，好物直降】8月11-14日，满199减100，领券立减》》领券立减,69.00,https:done,https://item.jd.com/100006511793.html,https://item.jd.com/100006511793.html,1.5万+,1000117165,京东自营,https://www.jd.com/allSort.aspx,京东物流,None,None,1.5万+,1.5万+,None
227,100004252254,【品质家居，好物直降】8月11-14日，满199减100，领券立减》》领券立减,39.90,https:done,https://item.jd.com/100004252254.html,//item.jd.com/100004252254.html,2.4万+,1000117165,富光FGA京东自营旗舰店,https://www.jd.com/allSort.aspx,京东物流,None,None,2.4万+,2.4万+,None
228,100004252254,【品质家居，好物直降】8月11-14日，满199减100，领券立减》》领券立减,39.90,https:done,https://item.jd.com/100004252254.html,https://item.jd.com/100004252254.html,2.4万+,1000117165,京东自营,https://www.jd.com/allSort.aspx,京东物流,None,None,2.4万+,2.4万+,None
229,100004252254,【品质家居，好物直降】8月11-14日，满199减100，领券立减》》领券立减,39.90,https:done,https://item.jd.com/100004252254.html,https://item.jd.com/100004252254.html,2.4万+,1000117165,京东自营,https://www.jd.com/allSort.aspx,京东物流,None,None,2.4万+,2.4万+,None
230,100004252254,【品质家居，好物直降】8月11-14日，满199减100，领券立减》》领券立减,39.90,https:done,https://item.jd.com/100004252254.html,https://item.jd.com/100004252254.html,2.4万+,1000117165,京东自营,https://www.jd.com/allSort.aspx,京东物流,None,None,2.4万+,2.4万+,None
231,100004252254,【品质家居，好物直降】8月11-14日，满199减100，领券立减》》领券立减,39.90,https:done,https://item.jd.com/100004252254.html,https://item.jd.com/100004252254.html,2.4万+,1000117165,京东自营,https://www.jd.com/allSort.aspx,京东物流,None,None,2.4万+,2.4万+,None
232,100004252254,【品质家居，好物直降】8月11-14日，满199减100，领券立减》》领券立减,39.90,https:done,https://item.jd.com/100004252254.html,https://item.jd.com/100004252254.html,2.4万+,1000117165,京东自营,https://www.jd.com/allSort.aspx,京东物流,None,None,2.4万+,2.4万+,None
233,100004252254,【品质家居，好物直降】8月11-14日，满199减100，领券立减》》领券立减,39.90,https:done,https://item.jd.com/100004252254.html,https://item.jd.com/100004252254.html,2.4万+,1000117165,京东自营,https://www.jd.com/allSort.aspx,京东物流,None,None,2.4万+,2.4万+,None
234,100007286045,,74.90,https:done,https://item.jd.com/100007286045.html,//item.jd.com/100007286045.html,8,1000117165,贝瑟斯京东自营旗舰店,https://www.jd.com/allSort.aspx,京东物流,None,None,8,8,None
235,100007286045,,74.90,https:done,https://item.jd.com/100007286045.html,https://item.jd.com/100007286045.html,8,1000117165,京东自营,https://www.jd.com/allSort.aspx,京东物流,None,None,8,8,None
236,4971449,【品质家居，好物直降】8月11-14日，满199减100，领券立减》》领券立减,142.00,https:done,https://item.jd.com/4971449.html,//item.jd.com/4971449.html,12万+,1000117165,希诺（HEENOOR）京东自营旗舰店,https://www.jd.com/allSort.aspx,京东物流,None,None,12万+,12万+,None
237,4971449,【品质家居，好物直降】8月11-14日，满199减100，领券立减》》领券立减,142.00,https:done,https://item.jd.com/4971449.html,https://item.jd.com/4971449.html,12万+,1000117165,京东自营,https://www.jd.com/allSort.aspx,京东物流,None,None,12万+,12万+,None
238,4971449,【品质家居，好物直降】8月11-14日，满199减100，领券立减》》领券立减,142.00,https:done,https://item.jd.com/4971449.html,https://item.jd.com/4971449.html,12万+,1000117165,京东自营,https://www.jd.com/allSort.aspx,京东物流,None,None,12万+,12万+,None
239,4971449,【品质家居，好物直降】8月11-14日，满199减100，领券立减》》领券立减,142.00,https:done,https://item.jd.com/4971449.html,https://item.jd.com/4971449.html,12万+,1000117165,京东自营,https://www.jd.com/allSort.aspx,京东物流,None,None,12万+,12万+,None
240,4971449,【品质家居，好物直降】8月11-14日，满199减100，领券立减》》领券立减,142.00,https:done,https://item.jd.com/4971449.html,https://item.jd.com/4971449.html,12万+,1000117165,京东自营,https://www.jd.com/allSort.aspx,京东物流,None,None,12万+,12万+,None
241,4555918,美国contigo大牌秒杀，儿童吸管水杯三只装折算单只46.3元起，8月11日下午6点整开抢仅秒24小时哦！点击赶快抢购点击查看,142.00,https:done,https://item.jd.com/4555918.html,//item.jd.com/4555918.html,2.7万+,1000117165,contigo京东自营旗舰店,https://www.jd.com/allSort.aspx,京东物流,None,None,2.7万+,2.7万+,None
242,4555918,美国contigo大牌秒杀，儿童吸管水杯三只装折算单只46.3元起，8月11日下午6点整开抢仅秒24小时哦！点击赶快抢购点击查看,142.00,https:done,https://item.jd.com/4555918.html,https://item.jd.com/4555918.html,2.7万+,1000117165,京东自营,https://www.jd.com/allSort.aspx,京东物流,None,None,2.7万+,2.7万+,None
243,4555918,美国contigo大牌秒杀，儿童吸管水杯三只装折算单只46.3元起，8月11日下午6点整开抢仅秒24小时哦！点击赶快抢购点击查看,142.00,https:done,https://item.jd.com/4555918.html,https://item.jd.com/4555918.html,2.7万+,1000117165,京东自营,https://www.jd.com/allSort.aspx,京东物流,None,None,2.7万+,2.7万+,None
244,4555918,美国contigo大牌秒杀，儿童吸管水杯三只装折算单只46.3元起，8月11日下午6点整开抢仅秒24小时哦！点击赶快抢购点击查看,142.00,https:done,https://item.jd.com/4555918.html,https://item.jd.com/4555918.html,2.7万+,1000117165,京东自营,https://www.jd.com/allSort.aspx,京东物流,None,None,2.7万+,2.7万+,None
245,4555918,美国contigo大牌秒杀，儿童吸管水杯三只装折算单只46.3元起，8月11日下午6点整开抢仅秒24小时哦！点击赶快抢购点击查看,142.00,https:done,https://item.jd.com/4555918.html,https://item.jd.com/4555918.html,2.7万+,1000117165,京东自营,https://www.jd.com/allSort.aspx,京东物流,None,None,2.7万+,2.7万+,None
246,4555918,美国contigo大牌秒杀，儿童吸管水杯三只装折算单只46.3元起，8月11日下午6点整开抢仅秒24小时哦！点击赶快抢购点击查看,142.00,https:done,https://item.jd.com/4555918.html,https://item.jd.com/4555918.html,2.7万+,1000117165,京东自营,https://www.jd.com/allSort.aspx,京东物流,None,None,2.7万+,2.7万+,None
247,4555918,美国contigo大牌秒杀，儿童吸管水杯三只装折算单只46.3元起，8月11日下午6点整开抢仅秒24小时哦！点击赶快抢购点击查看,142.00,https:done,https://item.jd.com/4555918.html,https://item.jd.com/4555918.html,2.7万+,1000117165,京东自营,https://www.jd.com/allSort.aspx,京东物流,None,None,2.7万+,2.7万+,None
248,4555918,美国contigo大牌秒杀，儿童吸管水杯三只装折算单只46.3元起，8月11日下午6点整开抢仅秒24小时哦！点击赶快抢购点击查看,142.00,https:done,https://item.jd.com/4555918.html,https://item.jd.com/4555918.html,2.7万+,1000117165,京东自营,https://www.jd.com/allSort.aspx,京东物流,None,None,2.7万+,2.7万+,None
249,100011965896,【大牌秒杀】乐扣乐扣品牌秒杀！8月10日0点开始爆款低至24元，部分产品叠加2件8折，3件7折！酷爽嗨购，点此进入！！,59.90,https:done,https://item.jd.com/100011965896.html,//item.jd.com/100011965896.html,4300+,1000117165,乐扣乐扣（LOCK&LOCK）京东自营专区,https://www.jd.com/allSort.aspx,京东物流,None,None,4300+,4300+,None
250,100011965896,【大牌秒杀】乐扣乐扣品牌秒杀！8月10日0点开始爆款低至24元，部分产品叠加2件8折，3件7折！酷爽嗨购，点此进入！！,59.90,https:done,https://item.jd.com/100011965896.html,https://item.jd.com/100011965896.html,4300+,1000117165,京东自营,https://www.jd.com/allSort.aspx,京东物流,None,None,4300+,4300+,None
251,100011965896,【大牌秒杀】乐扣乐扣品牌秒杀！8月10日0点开始爆款低至24元，部分产品叠加2件8折，3件7折！酷爽嗨购，点此进入！！,59.90,https:done,https://item.jd.com/100011965896.html,https://item.jd.com/100011965896.html,4300+,1000117165,京东自营,https://www.jd.com/allSort.aspx,京东物流,None,None,4300+,4300+,None
252,2669346,膳魔师新款到货，经典弹盖杯，日本畅销款，多款可选，总有一个适合您！关注店铺更可领5元优惠券！查看请点击！,148.00,https:done,https://item.jd.com/2669346.html,//item.jd.com/2669346.html,30万+,1000117165,膳魔师海外自营旗舰店,https://www.jd.com/allSort.aspx,京东物流,None,None,30万+,30万+,None
253,2669346,膳魔师新款到货，经典弹盖杯，日本畅销款，多款可选，总有一个适合您！关注店铺更可领5元优惠券！查看请点击！,148.00,https:done,https://item.jd.com/2669346.html,https://item.jd.com/2669346.html,30万+,1000117165,京东自营,https://www.jd.com/allSort.aspx,京东物流,None,None,30万+,30万+,None
254,2669346,膳魔师新款到货，经典弹盖杯，日本畅销款，多款可选，总有一个适合您！关注店铺更可领5元优惠券！查看请点击！,148.00,https:done,https://item.jd.com/2669346.html,https://item.jd.com/2669346.html,30万+,1000117165,京东自营,https://www.jd.com/allSort.aspx,京东物流,None,None,30万+,30万+,None
255,2669346,膳魔师新款到货，经典弹盖杯，日本畅销款，多款可选，总有一个适合您！关注店铺更可领5元优惠券！查看请点击！,148.00,https:done,https://item.jd.com/2669346.html,https://item.jd.com/2669346.html,30万+,1000117165,京东自营,https://www.jd.com/allSort.aspx,京东物流,None,None,30万+,30万+,None
256,2669346,膳魔师新款到货，经典弹盖杯，日本畅销款，多款可选，总有一个适合您！关注店铺更可领5元优惠券！查看请点击！,148.00,https:done,https://item.jd.com/2669346.html,https://item.jd.com/2669346.html,30万+,1000117165,京东自营,https://www.jd.com/allSort.aspx,京东物流,None,None,30万+,30万+,None
257,2669346,膳魔师新款到货，经典弹盖杯，日本畅销款，多款可选，总有一个适合您！关注店铺更可领5元优惠券！查看请点击！,148.00,https:done,https://item.jd.com/2669346.html,https://item.jd.com/2669346.html,30万+,1000117165,京东自营,https://www.jd.com/allSort.aspx,京东物流,None,None,30万+,30万+,None
258,2669346,膳魔师新款到货，经典弹盖杯，日本畅销款，多款可选，总有一个适合您！关注店铺更可领5元优惠券！查看请点击！,148.00,https:done,https://item.jd.com/2669346.html,https://item.jd.com/2669346.html,30万+,1000117165,京东自营,https://www.jd.com/allSort.aspx,京东物流,None,None,30万+,30万+,None
259,100003682786,【品质家居，好物直降】8月11-14日，满199减100，领券立减》》领券立减,118.00,https:done,https://item.jd.com/100003682786.html,//item.jd.com/100003682786.html,1.1万+,1000117165,特百惠京东自营专区,https://www.jd.com/allSort.aspx,京东物流,None,None,1.1万+,1.1万+,None
260,100003682786,【品质家居，好物直降】8月11-14日，满199减100，领券立减》》领券立减,118.00,https:done,https://item.jd.com/100003682786.html,https://item.jd.com/100003682786.html,1.1万+,1000117165,京东自营,https://www.jd.com/allSort.aspx,京东物流,None,None,1.1万+,1.1万+,None
261,100003682786,【品质家居，好物直降】8月11-14日，满199减100，领券立减》》领券立减,118.00,https:done,https://item.jd.com/100003682786.html,https://item.jd.com/100003682786.html,1.1万+,1000117165,京东自营,https://www.jd.com/allSort.aspx,京东物流,None,None,1.1万+,1.1万+,None
262,100003682786,【品质家居，好物直降】8月11-14日，满199减100，领券立减》》领券立减,118.00,https:done,https://item.jd.com/100003682786.html,https://item.jd.com/100003682786.html,1.1万+,1000117165,京东自营,https://www.jd.com/allSort.aspx,京东物流,None,None,1.1万+,1.1万+,None
263,41411985137,,258.00,https:done,https://item.jd.com/41411985137.html,//item.jd.com/41411985137.html,200+,1000117165,水宜生官方旗舰店,https://www.jd.com/allSort.aspx,京东物流,None,None,200+,200+,None
264,41411985137,,258.00,https:done,https://item.jd.com/41411985137.html,https://item.jd.com/41411985137.html,200+,1000117165,京东自营,https://www.jd.com/allSort.aspx,京东物流,None,None,200+,200+,None
265,4855736,【品质家居，好物直降】8月11-14日，满199减100，领券立减》》领券立减,55.00,https:done,https://item.jd.com/4855736.html,//item.jd.com/4855736.html,5.6万+,1000117165,乐扣乐扣（LOCK&LOCK）京东自营旗舰店,https://www.jd.com/allSort.aspx,京东物流,None,None,5.6万+,5.6万+,None
266,4855736,【品质家居，好物直降】8月11-14日，满199减100，领券立减》》领券立减,55.00,https:done,https://item.jd.com/4855736.html,https://item.jd.com/4855736.html,5.6万+,1000117165,京东自营,https://www.jd.com/allSort.aspx,京东物流,None,None,5.6万+,5.6万+,None
267,4855736,【品质家居，好物直降】8月11-14日，满199减100，领券立减》》领券立减,55.00,https:done,https://item.jd.com/4855736.html,https://item.jd.com/4855736.html,5.6万+,1000117165,京东自营,https://www.jd.com/allSort.aspx,京东物流,None,None,5.6万+,5.6万+,None
268,4855736,【品质家居，好物直降】8月11-14日，满199减100，领券立减》》领券立减,55.00,https:done,https://item.jd.com/4855736.html,https://item.jd.com/4855736.html,5.6万+,1000117165,京东自营,https://www.jd.com/allSort.aspx,京东物流,None,None,5.6万+,5.6万+,None
269,4855736,【品质家居，好物直降】8月11-14日，满199减100，领券立减》》领券立减,55.00,https:done,https://item.jd.com/4855736.html,https://item.jd.com/4855736.html,5.6万+,1000117165,京东自营,https://www.jd.com/allSort.aspx,京东物流,None,None,5.6万+,5.6万+,None
270,4855736,【品质家居，好物直降】8月11-14日，满199减100，领券立减》》领券立减,55.00,https:done,https://item.jd.com/4855736.html,https://item.jd.com/4855736.html,5.6万+,1000117165,京东自营,https://www.jd.com/allSort.aspx,京东物流,None,None,5.6万+,5.6万+,None
271,4855736,【品质家居，好物直降】8月11-14日，满199减100，领券立减》》领券立减,55.00,https:done,https://item.jd.com/4855736.html,https://item.jd.com/4855736.html,5.6万+,1000117165,京东自营,https://www.jd.com/allSort.aspx,京东物流,None,None,5.6万+,5.6万+,None
272,4855736,【品质家居，好物直降】8月11-14日，满199减100，领券立减》》领券立减,55.00,https:done,https://item.jd.com/4855736.html,https://item.jd.com/4855736.html,5.6万+,1000117165,京东自营,https://www.jd.com/allSort.aspx,京东物流,None,None,5.6万+,5.6万+,None
273,4855736,【品质家居，好物直降】8月11-14日，满199减100，领券立减》》领券立减,55.00,https:done,https://item.jd.com/4855736.html,https://item.jd.com/4855736.html,5.6万+,1000117165,京东自营,https://www.jd.com/allSort.aspx,京东物流,None,None,5.6万+,5.6万+,None
274,4855736,【品质家居，好物直降】8月11-14日，满199减100，领券立减》》领券立减,55.00,https:done,https://item.jd.com/4855736.html,https://item.jd.com/4855736.html,5.6万+,1000117165,京东自营,https://www.jd.com/allSort.aspx,京东物流,None,None,5.6万+,5.6万+,None
275,4855736,【品质家居，好物直降】8月11-14日，满199减100，领券立减》》领券立减,55.00,https:done,https://item.jd.com/4855736.html,https://item.jd.com/4855736.html,5.6万+,1000117165,京东自营,https://www.jd.com/allSort.aspx,京东物流,None,None,5.6万+,5.6万+,None
276,100003409449,【品质家居，好物直降】8月11-14日，满199减100，领券立减》》领券立减,21.90,https:done,https://item.jd.com/100003409449.html,//item.jd.com/100003409449.html,15万+,1000117165,贝瑟斯京东自营旗舰店,https://www.jd.com/allSort.aspx,京东物流,None,None,15万+,15万+,None
277,100003409449,【品质家居，好物直降】8月11-14日，满199减100，领券立减》》领券立减,21.90,https:done,https://item.jd.com/100003409449.html,https://item.jd.com/100003409449.html,15万+,1000117165,京东自营,https://www.jd.com/allSort.aspx,京东物流,None,None,15万+,15万+,None
278,100003409449,【品质家居，好物直降】8月11-14日，满199减100，领券立减》》领券立减,21.90,https:done,https://item.jd.com/100003409449.html,https://item.jd.com/100003409449.html,15万+,1000117165,京东自营,https://www.jd.com/allSort.aspx,京东物流,None,None,15万+,15万+,None
279,100003409449,【品质家居，好物直降】8月11-14日，满199减100，领券立减》》领券立减,21.90,https:done,https://item.jd.com/100003409449.html,https://item.jd.com/100003409449.html,15万+,1000117165,京东自营,https://www.jd.com/allSort.aspx,京东物流,None,None,15万+,15万+,None
280,5403874,【厨具神券日】8月11日-8月14日，全场爆款厨具领券满199减100速来抢购,99.00,https:done,https://item.jd.com/5403874.html,//item.jd.com/5403874.html,14万+,1000117165,富光京东自营旗舰店,https://www.jd.com/allSort.aspx,京东物流,None,None,14万+,14万+,None
281,5403874,【厨具神券日】8月11日-8月14日，全场爆款厨具领券满199减100速来抢购,99.00,https:done,https://item.jd.com/5403874.html,https://item.jd.com/5403874.html,14万+,1000117165,京东自营,https://www.jd.com/allSort.aspx,京东物流,None,None,14万+,14万+,None
282,5403874,【厨具神券日】8月11日-8月14日，全场爆款厨具领券满199减100速来抢购,99.00,https:done,https://item.jd.com/5403874.html,https://item.jd.com/5403874.html,14万+,1000117165,京东自营,https://www.jd.com/allSort.aspx,京东物流,None,None,14万+,14万+,None
283,5403874,【厨具神券日】8月11日-8月14日，全场爆款厨具领券满199减100速来抢购,99.00,https:done,https://item.jd.com/5403874.html,https://item.jd.com/5403874.html,14万+,1000117165,京东自营,https://www.jd.com/allSort.aspx,京东物流,None,None,14万+,14万+,None
284,5403874,【厨具神券日】8月11日-8月14日，全场爆款厨具领券满199减100速来抢购,99.00,https:done,https://item.jd.com/5403874.html,https://item.jd.com/5403874.html,14万+,1000117165,京东自营,https://www.jd.com/allSort.aspx,京东物流,None,None,14万+,14万+,None
285,5403874,【厨具神券日】8月11日-8月14日，全场爆款厨具领券满199减100速来抢购,99.00,https:done,https://item.jd.com/5403874.html,https://item.jd.com/5403874.html,14万+,1000117165,京东自营,https://www.jd.com/allSort.aspx,京东物流,None,None,14万+,14万+,None
286,5403874,【厨具神券日】8月11日-8月14日，全场爆款厨具领券满199减100速来抢购,99.00,https:done,https://item.jd.com/5403874.html,https://item.jd.com/5403874.html,14万+,1000117165,京东自营,https://www.jd.com/allSort.aspx,京东物流,None,None,14万+,14万+,None
287,5403874,【厨具神券日】8月11日-8月14日，全场爆款厨具领券满199减100速来抢购,99.00,https:done,https://item.jd.com/5403874.html,https://item.jd.com/5403874.html,14万+,1000117165,京东自营,https://www.jd.com/allSort.aspx,京东物流,None,None,14万+,14万+,None
288,1210525326,装水后禁止手提提环，提环脱落商家不负责。,35.00,https:done,https://item.jd.com/1210525326.html,//item.jd.com/1210525326.html,3.9万+,1000117165,富光中天和祥专卖店,https://www.jd.com/allSort.aspx,京东物流,None,None,3.9万+,3.9万+,None
289,1210525326,装水后禁止手提提环，提环脱落商家不负责。,35.00,https:done,https://item.jd.com/1210525326.html,https://item.jd.com/1210525326.html,3.9万+,1000117165,京东自营,https://www.jd.com/allSort.aspx,京东物流,None,None,3.9万+,3.9万+,None
290,1210525326,装水后禁止手提提环，提环脱落商家不负责。,35.00,https:done,https://item.jd.com/1210525326.html,https://item.jd.com/1210525326.html,3.9万+,1000117165,京东自营,https://www.jd.com/allSort.aspx,京东物流,None,None,3.9万+,3.9万+,None
291,1210525326,装水后禁止手提提环，提环脱落商家不负责。,35.00,https:done,https://item.jd.com/1210525326.html,https://item.jd.com/1210525326.html,3.9万+,1000117165,京东自营,https://www.jd.com/allSort.aspx,京东物流,None,None,3.9万+,3.9万+,None
292,1210525326,装水后禁止手提提环，提环脱落商家不负责。,35.00,https:done,https://item.jd.com/1210525326.html,https://item.jd.com/1210525326.html,3.9万+,1000117165,京东自营,https://www.jd.com/allSort.aspx,京东物流,None,None,3.9万+,3.9万+,None
293,1210525326,装水后禁止手提提环，提环脱落商家不负责。,35.00,https:done,https://item.jd.com/1210525326.html,https://item.jd.com/1210525326.html,3.9万+,1000117165,京东自营,https://www.jd.com/allSort.aspx,京东物流,None,None,3.9万+,3.9万+,None
294,1210525326,装水后禁止手提提环，提环脱落商家不负责。,35.00,https:done,https://item.jd.com/1210525326.html,https://item.jd.com/1210525326.html,3.9万+,1000117165,京东自营,https://www.jd.com/allSort.aspx,京东物流,None,None,3.9万+,3.9万+,None
295,1210525326,装水后禁止手提提环，提环脱落商家不负责。,35.00,https:done,https://item.jd.com/1210525326.html,https://item.jd.com/1210525326.html,3.9万+,1000117165,京东自营,https://www.jd.com/allSort.aspx,京东物流,None,None,3.9万+,3.9万+,None
296,1210525326,装水后禁止手提提环，提环脱落商家不负责。,35.00,https:done,https://item.jd.com/1210525326.html,https://item.jd.com/1210525326.html,3.9万+,1000117165,京东自营,https://www.jd.com/allSort.aspx,京东物流,None,None,3.9万+,3.9万+,None
297,8666381,【品质家居，好物直降】8月11-14日，满199减100，领券立减》》领券立减,22.90,https:done,https://item.jd.com/8666381.html,//item.jd.com/8666381.html,1.3万+,1000117165,天喜京东自营旗舰店,https://www.jd.com/allSort.aspx,京东物流,None,None,1.3万+,1.3万+,None
298,8666381,【品质家居，好物直降】8月11-14日，满199减100，领券立减》》领券立减,22.90,https:done,https://item.jd.com/8666381.html,https://item.jd.com/8666381.html,1.3万+,1000117165,京东自营,https://www.jd.com/allSort.aspx,京东物流,None,None,1.3万+,1.3万+,None
299,41080410401,【家居日用超品日】8月10日-8月11日,乐扣乐扣部分产品满199减100，399减200，799减400！好货请猛戳！,69.00,https:done,https://item.jd.com/41080410401.html,//item.jd.com/41080410401.html,8000+,1000117165,乐扣乐扣厨具京东自营旗舰店,https://www.jd.com/allSort.aspx,京东物流,None,None,8000+,8000+,None
300,41080410401,【家居日用超品日】8月10日-8月11日,乐扣乐扣部分产品满199减100，399减200，799减400！好货请猛戳！,69.00,https:done,https://item.jd.com/41080410401.html,https://item.jd.com/41080410401.html,8000+,1000117165,京东自营,https://www.jd.com/allSort.aspx,京东物流,None,None,8000+,8000+,None
301,41080410401,【家居日用超品日】8月10日-8月11日,乐扣乐扣部分产品满199减100，399减200，799减400！好货请猛戳！,69.00,https:done,https://item.jd.com/41080410401.html,https://item.jd.com/41080410401.html,8000+,1000117165,京东自营,https://www.jd.com/allSort.aspx,京东物流,None,None,8000+,8000+,None
302,41080410401,【家居日用超品日】8月10日-8月11日,乐扣乐扣部分产品满199减100，399减200，799减400！好货请猛戳！,69.00,https:done,https://item.jd.com/41080410401.html,https://item.jd.com/41080410401.html,8000+,1000117165,京东自营,https://www.jd.com/allSort.aspx,京东物流,None,None,8000+,8000+,None
303,100003037899,迪士尼时尚儿童保温杯，烤漆杯身，方便携带，304不锈钢杯身，长效保温，第二件0元活动！！！！点击查看！！(此商品不参加上述活动),49.00,https:done,https://item.jd.com/100003037899.html,//item.jd.com/100003037899.html,1.2万+,1000117165,迪士尼厨具京东自营专区,https://www.jd.com/allSort.aspx,京东物流,None,None,1.2万+,1.2万+,None
304,100003037899,迪士尼时尚儿童保温杯，烤漆杯身，方便携带，304不锈钢杯身，长效保温，第二件0元活动！！！！点击查看！！(此商品不参加上述活动),49.00,https:done,https://item.jd.com/100003037899.html,https://item.jd.com/100003037899.html,1.2万+,1000117165,京东自营,https://www.jd.com/allSort.aspx,京东物流,None,None,1.2万+,1.2万+,None
305,100003037899,迪士尼时尚儿童保温杯，烤漆杯身，方便携带，304不锈钢杯身，长效保温，第二件0元活动！！！！点击查看！！(此商品不参加上述活动),49.00,https:done,https://item.jd.com/100003037899.html,https://item.jd.com/100003037899.html,1.2万+,1000117165,京东自营,https://www.jd.com/allSort.aspx,京东物流,None,None,1.2万+,1.2万+,None
306,100003037899,迪士尼时尚儿童保温杯，烤漆杯身，方便携带，304不锈钢杯身，长效保温，第二件0元活动！！！！点击查看！！(此商品不参加上述活动),49.00,https:done,https://item.jd.com/100003037899.html,https://item.jd.com/100003037899.html,1.2万+,1000117165,京东自营,https://www.jd.com/allSort.aspx,京东物流,None,None,1.2万+,1.2万+,None
307,70611552670,,499.00,https:done,https://item.jd.com/70611552670.html,//item.jd.com/70611552670.html,60+,1000117165,轻崎旗舰店,https://www.jd.com/allSort.aspx,京东物流,None,None,60+,60+,None
308,70611552670,,499.00,https:done,https://item.jd.com/70611552670.html,https://item.jd.com/70611552670.html,60+,1000117165,京东自营,https://www.jd.com/allSort.aspx,京东物流,None,None,60+,60+,None
309,100013484114,【品质家居，好物直降】8月11-14日，满199减100，领券立减》》领券立减,89.00,https:done,https://item.jd.com/100013484114.html,//item.jd.com/100013484114.html,2.7万+,1000117165,特百惠京东自营专区,https://www.jd.com/allSort.aspx,京东物流,None,None,2.7万+,2.7万+,None
310,100013484114,【品质家居，好物直降】8月11-14日，满199减100，领券立减》》领券立减,89.00,https:done,https://item.jd.com/100013484114.html,https://item.jd.com/100013484114.html,2.7万+,1000117165,京东自营,https://www.jd.com/allSort.aspx,京东物流,None,None,2.7万+,2.7万+,None
311,1841885,【品质家居，好物直降】8月11-14日，满199减100，领券立减》》领券立减,9.90,https:done,https://item.jd.com/1841885.html,//item.jd.com/1841885.html,11万+,1000117165,贝瑟斯京东自营旗舰店,https://www.jd.com/allSort.aspx,京东物流,None,None,11万+,11万+,None
312,1841885,【品质家居，好物直降】8月11-14日，满199减100，领券立减》》领券立减,9.90,https:done,https://item.jd.com/1841885.html,https://item.jd.com/1841885.html,11万+,1000117165,京东自营,https://www.jd.com/allSort.aspx,京东物流,None,None,11万+,11万+,None
313,1841885,【品质家居，好物直降】8月11-14日，满199减100，领券立减》》领券立减,9.90,https:done,https://item.jd.com/1841885.html,https://item.jd.com/1841885.html,11万+,1000117165,京东自营,https://www.jd.com/allSort.aspx,京东物流,None,None,11万+,11万+,None
314,100004889208,【品质家居，好物直降】8月11-14日，满199减100，领券立减》》领券立减,59.00,https:done,https://item.jd.com/100004889208.html,//item.jd.com/100004889208.html,9300+,1000117165,UZSPACE京东自营旗舰店,https://www.jd.com/allSort.aspx,京东物流,None,None,9300+,9300+,None
315,100004889208,【品质家居，好物直降】8月11-14日，满199减100，领券立减》》领券立减,59.00,https:done,https://item.jd.com/100004889208.html,https://item.jd.com/100004889208.html,9300+,1000117165,京东自营,https://www.jd.com/allSort.aspx,京东物流,None,None,9300+,9300+,None
316,100004889208,【品质家居，好物直降】8月11-14日，满199减100，领券立减》》领券立减,59.00,https:done,https://item.jd.com/100004889208.html,https://item.jd.com/100004889208.html,9300+,1000117165,京东自营,https://www.jd.com/allSort.aspx,京东物流,None,None,9300+,9300+,None
317,100004889208,【品质家居，好物直降】8月11-14日，满199减100，领券立减》》领券立减,59.00,https:done,https://item.jd.com/100004889208.html,https://item.jd.com/100004889208.html,9300+,1000117165,京东自营,https://www.jd.com/allSort.aspx,京东物流,None,None,9300+,9300+,None
318,100004889208,【品质家居，好物直降】8月11-14日，满199减100，领券立减》》领券立减,59.00,https:done,https://item.jd.com/100004889208.html,https://item.jd.com/100004889208.html,9300+,1000117165,京东自营,https://www.jd.com/allSort.aspx,京东物流,None,None,9300+,9300+,None
319,100004889208,【品质家居，好物直降】8月11-14日，满199减100，领券立减》》领券立减,59.00,https:done,https://item.jd.com/100004889208.html,https://item.jd.com/100004889208.html,9300+,1000117165,京东自营,https://www.jd.com/allSort.aspx,京东物流,None,None,9300+,9300+,None
320,100004889208,【品质家居，好物直降】8月11-14日，满199减100，领券立减》》领券立减,59.00,https:done,https://item.jd.com/100004889208.html,https://item.jd.com/100004889208.html,9300+,1000117165,京东自营,https://www.jd.com/allSort.aspx,京东物流,None,None,9300+,9300+,None
321,100004889208,【品质家居，好物直降】8月11-14日，满199减100，领券立减》》领券立减,59.00,https:done,https://item.jd.com/100004889208.html,https://item.jd.com/100004889208.html,9300+,1000117165,京东自营,https://www.jd.com/allSort.aspx,京东物流,None,None,9300+,9300+,None
322,100004889208,【品质家居，好物直降】8月11-14日，满199减100，领券立减》》领券立减,59.00,https:done,https://item.jd.com/100004889208.html,https://item.jd.com/100004889208.html,9300+,1000117165,京东自营,https://www.jd.com/allSort.aspx,京东物流,None,None,9300+,9300+,None
323,100009225604,,79.00,https:done,https://item.jd.com/100009225604.html,//item.jd.com/100009225604.html,3.1万+,1000117165,富光京东自营旗舰店,https://www.jd.com/allSort.aspx,京东物流,None,None,3.1万+,3.1万+,None
324,100009225604,,79.00,https:done,https://item.jd.com/100009225604.html,https://item.jd.com/100009225604.html,3.1万+,1000117165,京东自营,https://www.jd.com/allSort.aspx,京东物流,None,None,3.1万+,3.1万+,None
325,100013215396,美国contigo大牌秒杀，儿童吸管水杯三只装折算单只46.3元起，8月11日下午6点整开抢仅秒24小时哦！点击赶快抢购点击查看,99.00,https:done,https://item.jd.com/100013215396.html,//item.jd.com/100013215396.html,1100+,1000117165,contigo京东自营旗舰店,https://www.jd.com/allSort.aspx,京东物流,None,None,1100+,1100+,None
326,100013215396,美国contigo大牌秒杀，儿童吸管水杯三只装折算单只46.3元起，8月11日下午6点整开抢仅秒24小时哦！点击赶快抢购点击查看,99.00,https:done,https://item.jd.com/100013215396.html,https://item.jd.com/100013215396.html,1100+,1000117165,京东自营,https://www.jd.com/allSort.aspx,京东物流,None,None,1100+,1100+,None
327,100013215396,美国contigo大牌秒杀，儿童吸管水杯三只装折算单只46.3元起，8月11日下午6点整开抢仅秒24小时哦！点击赶快抢购点击查看,99.00,https:done,https://item.jd.com/100013215396.html,https://item.jd.com/100013215396.html,1100+,1000117165,京东自营,https://www.jd.com/allSort.aspx,京东物流,None,None,1100+,1100+,None
328,100013215396,美国contigo大牌秒杀，儿童吸管水杯三只装折算单只46.3元起，8月11日下午6点整开抢仅秒24小时哦！点击赶快抢购点击查看,99.00,https:done,https://item.jd.com/100013215396.html,https://item.jd.com/100013215396.html,1100+,1000117165,京东自营,https://www.jd.com/allSort.aspx,京东物流,None,None,1100+,1100+,None
329,100013215396,美国contigo大牌秒杀，儿童吸管水杯三只装折算单只46.3元起，8月11日下午6点整开抢仅秒24小时哦！点击赶快抢购点击查看,99.00,https:done,https://item.jd.com/100013215396.html,https://item.jd.com/100013215396.html,1100+,1000117165,京东自营,https://www.jd.com/allSort.aspx,京东物流,None,None,1100+,1100+,None
330,100006321425,【品质家居，好物直降】8月11-14日，满199减100，领券立减》》领券立减,39.00,https:done,https://item.jd.com/100006321425.html,//item.jd.com/100006321425.html,3300+,1000117165,物生物京东自营旗舰店,https://www.jd.com/allSort.aspx,京东物流,None,None,3300+,3300+,None
331,100006321425,【品质家居，好物直降】8月11-14日，满199减100，领券立减》》领券立减,39.00,https:done,https://item.jd.com/100006321425.html,https://item.jd.com/100006321425.html,3300+,1000117165,京东自营,https://www.jd.com/allSort.aspx,京东物流,None,None,3300+,3300+,None
332,100006321425,【品质家居，好物直降】8月11-14日，满199减100，领券立减》》领券立减,39.00,https:done,https://item.jd.com/100006321425.html,https://item.jd.com/100006321425.html,3300+,1000117165,京东自营,https://www.jd.com/allSort.aspx,京东物流,None,None,3300+,3300+,None
333,100006321425,【品质家居，好物直降】8月11-14日，满199减100，领券立减》》领券立减,39.00,https:done,https://item.jd.com/100006321425.html,https://item.jd.com/100006321425.html,3300+,1000117165,京东自营,https://www.jd.com/allSort.aspx,京东物流,None,None,3300+,3300+,None
334,100006321425,【品质家居，好物直降】8月11-14日，满199减100，领券立减》》领券立减,39.00,https:done,https://item.jd.com/100006321425.html,https://item.jd.com/100006321425.html,3300+,1000117165,京东自营,https://www.jd.com/allSort.aspx,京东物流,None,None,3300+,3300+,None
335,100006321425,【品质家居，好物直降】8月11-14日，满199减100，领券立减》》领券立减,39.00,https:done,https://item.jd.com/100006321425.html,https://item.jd.com/100006321425.html,3300+,1000117165,京东自营,https://www.jd.com/allSort.aspx,京东物流,None,None,3300+,3300+,None
336,100013215414,美国contigo大牌秒杀，儿童吸管水杯三只装折算单只46.3元起，8月11日下午6点整开抢仅秒24小时哦！点击赶快抢购点击查看,169.00,https:done,https://item.jd.com/100013215414.html,//item.jd.com/100013215414.html,5700+,1000117165,contigo京东自营旗舰店,https://www.jd.com/allSort.aspx,京东物流,None,None,5700+,5700+,None
337,100013215414,美国contigo大牌秒杀，儿童吸管水杯三只装折算单只46.3元起，8月11日下午6点整开抢仅秒24小时哦！点击赶快抢购点击查看,169.00,https:done,https://item.jd.com/100013215414.html,https://item.jd.com/100013215414.html,5700+,1000117165,京东自营,https://www.jd.com/allSort.aspx,京东物流,None,None,5700+,5700+,None
338,100013215414,美国contigo大牌秒杀，儿童吸管水杯三只装折算单只46.3元起，8月11日下午6点整开抢仅秒24小时哦！点击赶快抢购点击查看,169.00,https:done,https://item.jd.com/100013215414.html,https://item.jd.com/100013215414.html,5700+,1000117165,京东自营,https://www.jd.com/allSort.aspx,京东物流,None,None,5700+,5700+,None
339,100013215414,美国contigo大牌秒杀，儿童吸管水杯三只装折算单只46.3元起，8月11日下午6点整开抢仅秒24小时哦！点击赶快抢购点击查看,169.00,https:done,https://item.jd.com/100013215414.html,https://item.jd.com/100013215414.html,5700+,1000117165,京东自营,https://www.jd.com/allSort.aspx,京东物流,None,None,5700+,5700+,None
340,100013215414,美国contigo大牌秒杀，儿童吸管水杯三只装折算单只46.3元起，8月11日下午6点整开抢仅秒24小时哦！点击赶快抢购点击查看,169.00,https:done,https://item.jd.com/100013215414.html,https://item.jd.com/100013215414.html,5700+,1000117165,京东自营,https://www.jd.com/allSort.aspx,京东物流,None,None,5700+,5700+,None
341,100013215414,美国contigo大牌秒杀，儿童吸管水杯三只装折算单只46.3元起，8月11日下午6点整开抢仅秒24小时哦！点击赶快抢购点击查看,169.00,https:done,https://item.jd.com/100013215414.html,https://item.jd.com/100013215414.html,5700+,1000117165,京东自营,https://www.jd.com/allSort.aspx,京东物流,None,None,5700+,5700+,None
342,100004414186,【品质家居，好物直降】8月11-14日，满199减100，领券立减》》领券立减,39.90,https:done,https://item.jd.com/100004414186.html,//item.jd.com/100004414186.html,4.5万+,1000117165,迪士尼水杯京东自营专卖店,https://www.jd.com/allSort.aspx,京东物流,None,None,4.5万+,4.5万+,None
343,100004414186,【品质家居，好物直降】8月11-14日，满199减100，领券立减》》领券立减,39.90,https:done,https://item.jd.com/100004414186.html,https://item.jd.com/100004414186.html,4.5万+,1000117165,京东自营,https://www.jd.com/allSort.aspx,京东物流,None,None,4.5万+,4.5万+,None
344,100004414186,【品质家居，好物直降】8月11-14日，满199减100，领券立减》》领券立减,39.90,https:done,https://item.jd.com/100004414186.html,https://item.jd.com/100004414186.html,4.5万+,1000117165,京东自营,https://www.jd.com/allSort.aspx,京东物流,None,None,4.5万+,4.5万+,None
345,100004414186,【品质家居，好物直降】8月11-14日，满199减100，领券立减》》领券立减,39.90,https:done,https://item.jd.com/100004414186.html,https://item.jd.com/100004414186.html,4.5万+,1000117165,京东自营,https://www.jd.com/allSort.aspx,京东物流,None,None,4.5万+,4.5万+,None
346,100004414186,【品质家居，好物直降】8月11-14日，满199减100，领券立减》》领券立减,39.90,https:done,https://item.jd.com/100004414186.html,https://item.jd.com/100004414186.html,4.5万+,1000117165,京东自营,https://www.jd.com/allSort.aspx,京东物流,None,None,4.5万+,4.5万+,None
347,100004414186,【品质家居，好物直降】8月11-14日，满199减100，领券立减》》领券立减,39.90,https:done,https://item.jd.com/100004414186.html,https://item.jd.com/100004414186.html,4.5万+,1000117165,京东自营,https://www.jd.com/allSort.aspx,京东物流,None,None,4.5万+,4.5万+,None
348,100004414186,【品质家居，好物直降】8月11-14日，满199减100，领券立减》》领券立减,39.90,https:done,https://item.jd.com/100004414186.html,https://item.jd.com/100004414186.html,4.5万+,1000117165,京东自营,https://www.jd.com/allSort.aspx,京东物流,None,None,4.5万+,4.5万+,None
349,100004414186,【品质家居，好物直降】8月11-14日，满199减100，领券立减》》领券立减,39.90,https:done,https://item.jd.com/100004414186.html,https://item.jd.com/100004414186.html,4.5万+,1000117165,京东自营,https://www.jd.com/allSort.aspx,京东物流,None,None,4.5万+,4.5万+,None
350,100004414186,【品质家居，好物直降】8月11-14日，满199减100，领券立减》》领券立减,39.90,https:done,https://item.jd.com/100004414186.html,https://item.jd.com/100004414186.html,4.5万+,1000117165,京东自营,https://www.jd.com/allSort.aspx,京东物流,None,None,4.5万+,4.5万+,None
351,100004414186,【品质家居，好物直降】8月11-14日，满199减100，领券立减》》领券立减,39.90,https:done,https://item.jd.com/100004414186.html,https://item.jd.com/100004414186.html,4.5万+,1000117165,京东自营,https://www.jd.com/allSort.aspx,京东物流,None,None,4.5万+,4.5万+,None
352,100004414186,【品质家居，好物直降】8月11-14日，满199减100，领券立减》》领券立减,39.90,https:done,https://item.jd.com/100004414186.html,https://item.jd.com/100004414186.html,4.5万+,1000117165,京东自营,https://www.jd.com/allSort.aspx,京东物流,None,None,4.5万+,4.5万+,None
353,27427686582,特美刻（TOMIC）水杯女玻璃杯透明便携防摔杯子家用随手杯男泡茶杯 塑玻杯 白色,99.00,https:done,https://item.jd.com/27427686582.html,//item.jd.com/27427686582.html,2.8万+,1000117165,特美刻旗舰店,https://www.jd.com/allSort.aspx,京东物流,None,None,2.8万+,2.8万+,None
354,27427686582,特美刻（TOMIC）水杯女玻璃杯透明便携防摔杯子家用随手杯男泡茶杯 塑玻杯 白色,99.00,https:done,https://item.jd.com/27427686582.html,https://item.jd.com/27427686582.html,2.8万+,1000117165,京东自营,https://www.jd.com/allSort.aspx,京东物流,None,None,2.8万+,2.8万+,None
355,27427686582,特美刻（TOMIC）水杯女玻璃杯透明便携防摔杯子家用随手杯男泡茶杯 塑玻杯 白色,99.00,https:done,https://item.jd.com/27427686582.html,https://item.jd.com/27427686582.html,2.8万+,1000117165,京东自营,https://www.jd.com/allSort.aspx,京东物流,None,None,2.8万+,2.8万+,None
356,27427686582,特美刻（TOMIC）水杯女玻璃杯透明便携防摔杯子家用随手杯男泡茶杯 塑玻杯 白色,99.00,https:done,https://item.jd.com/27427686582.html,https://item.jd.com/27427686582.html,2.8万+,1000117165,京东自营,https://www.jd.com/allSort.aspx,京东物流,None,None,2.8万+,2.8万+,None
357,27427686582,特美刻（TOMIC）水杯女玻璃杯透明便携防摔杯子家用随手杯男泡茶杯 塑玻杯 白色,99.00,https:done,https://item.jd.com/27427686582.html,https://item.jd.com/27427686582.html,2.8万+,1000117165,京东自营,https://www.jd.com/allSort.aspx,京东物流,None,None,2.8万+,2.8万+,None
358,27427686582,特美刻（TOMIC）水杯女玻璃杯透明便携防摔杯子家用随手杯男泡茶杯 塑玻杯 白色,99.00,https:done,https://item.jd.com/27427686582.html,https://item.jd.com/27427686582.html,2.8万+,1000117165,京东自营,https://www.jd.com/allSort.aspx,京东物流,None,None,2.8万+,2.8万+,None
359,41411985137,,258.00,https:done,https://item.jd.com/41411985137.html,//item.jd.com/41411985137.html,200+,1000117165,水宜生官方旗舰店,https://www.jd.com/allSort.aspx,京东物流,None,None,200+,200+,None
360,41411985137,,258.00,https:done,https://item.jd.com/41411985137.html,https://item.jd.com/41411985137.html,200+,1000117165,京东自营,https://www.jd.com/allSort.aspx,京东物流,None,None,200+,200+,None
361,65136317162,今天下单送杯刷吸管刷！同款玻璃材质吸管杯点击购买,47.90,https:done,https://item.jd.com/65136317162.html,//item.jd.com/65136317162.html,1.3万+,1000117165,私家良品旗舰店,https://www.jd.com/allSort.aspx,京东物流,None,None,1.3万+,1.3万+,None
362,65136317162,今天下单送杯刷吸管刷！同款玻璃材质吸管杯点击购买,47.90,https:done,https://item.jd.com/65136317162.html,https://item.jd.com/65136317162.html,1.3万+,1000117165,京东自营,https://www.jd.com/allSort.aspx,京东物流,None,None,1.3万+,1.3万+,None
363,65136317162,今天下单送杯刷吸管刷！同款玻璃材质吸管杯点击购买,47.90,https:done,https://item.jd.com/65136317162.html,https://item.jd.com/65136317162.html,1.3万+,1000117165,京东自营,https://www.jd.com/allSort.aspx,京东物流,None,None,1.3万+,1.3万+,None
364,65136317162,今天下单送杯刷吸管刷！同款玻璃材质吸管杯点击购买,47.90,https:done,https://item.jd.com/65136317162.html,https://item.jd.com/65136317162.html,1.3万+,1000117165,京东自营,https://www.jd.com/allSort.aspx,京东物流,None,None,1.3万+,1.3万+,None
365,65136317162,今天下单送杯刷吸管刷！同款玻璃材质吸管杯点击购买,47.90,https:done,https://item.jd.com/65136317162.html,https://item.jd.com/65136317162.html,1.3万+,1000117165,京东自营,https://www.jd.com/allSort.aspx,京东物流,None,None,1.3万+,1.3万+,None
366,65136317162,今天下单送杯刷吸管刷！同款玻璃材质吸管杯点击购买,47.90,https:done,https://item.jd.com/65136317162.html,https://item.jd.com/65136317162.html,1.3万+,1000117165,京东自营,https://www.jd.com/allSort.aspx,京东物流,None,None,1.3万+,1.3万+,None
367,65136317162,今天下单送杯刷吸管刷！同款玻璃材质吸管杯点击购买,47.90,https:done,https://item.jd.com/65136317162.html,https://item.jd.com/65136317162.html,1.3万+,1000117165,京东自营,https://www.jd.com/allSort.aspx,京东物流,None,None,1.3万+,1.3万+,None
368,100011564322,【品质家居，好物直降】8月11-14日，满199减100，领券立减》》领券立减,35.00,https:done,https://item.jd.com/100011564322.html,//item.jd.com/100011564322.html,1600+,1000117165,乐扣乐扣（LOCK&LOCK）京东自营旗舰店,https://www.jd.com/allSort.aspx,京东物流,None,None,1600+,1600+,None
369,100011564322,【品质家居，好物直降】8月11-14日，满199减100，领券立减》》领券立减,35.00,https:done,https://item.jd.com/100011564322.html,https://item.jd.com/100011564322.html,1600+,1000117165,京东自营,https://www.jd.com/allSort.aspx,京东物流,None,None,1600+,1600+,None
370,100011564322,【品质家居，好物直降】8月11-14日，满199减100，领券立减》》领券立减,35.00,https:done,https://item.jd.com/100011564322.html,https://item.jd.com/100011564322.html,1600+,1000117165,京东自营,https://www.jd.com/allSort.aspx,京东物流,None,None,1600+,1600+,None
371,100011564322,【品质家居，好物直降】8月11-14日，满199减100，领券立减》》领券立减,35.00,https:done,https://item.jd.com/100011564322.html,https://item.jd.com/100011564322.html,1600+,1000117165,京东自营,https://www.jd.com/allSort.aspx,京东物流,None,None,1600+,1600+,None
372,100011564322,【品质家居，好物直降】8月11-14日，满199减100，领券立减》》领券立减,35.00,https:done,https://item.jd.com/100011564322.html,https://item.jd.com/100011564322.html,1600+,1000117165,京东自营,https://www.jd.com/allSort.aspx,京东物流,None,None,1600+,1600+,None
373,100012182724,【品质家居，好物直降】8月11-14日，满199减100，领券立减》》领券立减,95.00,https:done,https://item.jd.com/100012182724.html,//item.jd.com/100012182724.html,2400+,1000117165,特百惠京东自营专区,https://www.jd.com/allSort.aspx,京东物流,None,None,2400+,2400+,None
374,100012182724,【品质家居，好物直降】8月11-14日，满199减100，领券立减》》领券立减,95.00,https:done,https://item.jd.com/100012182724.html,https://item.jd.com/100012182724.html,2400+,1000117165,京东自营,https://www.jd.com/allSort.aspx,京东物流,None,None,2400+,2400+,None
375,100012182724,【品质家居，好物直降】8月11-14日，满199减100，领券立减》》领券立减,95.00,https:done,https://item.jd.com/100012182724.html,https://item.jd.com/100012182724.html,2400+,1000117165,京东自营,https://www.jd.com/allSort.aspx,京东物流,None,None,2400+,2400+,None
376,11893314852,59减3元，99减10元，259减20元，买贵退差价！,16.80,https:done,https://item.jd.com/11893314852.html,//item.jd.com/11893314852.html,9400+,1000117165,未平家居专营店,https://www.jd.com/allSort.aspx,京东物流,None,None,9400+,9400+,None
377,11893314852,59减3元，99减10元，259减20元，买贵退差价！,16.80,https:done,https://item.jd.com/11893314852.html,https://item.jd.com/11893314852.html,9400+,1000117165,京东自营,https://www.jd.com/allSort.aspx,京东物流,None,None,9400+,9400+,None
378,11893314852,59减3元，99减10元，259减20元，买贵退差价！,16.80,https:done,https://item.jd.com/11893314852.html,https://item.jd.com/11893314852.html,9400+,1000117165,京东自营,https://www.jd.com/allSort.aspx,京东物流,None,None,9400+,9400+,None
379,11893314852,59减3元，99减10元，259减20元，买贵退差价！,16.80,https:done,https://item.jd.com/11893314852.html,https://item.jd.com/11893314852.html,9400+,1000117165,京东自营,https://www.jd.com/allSort.aspx,京东物流,None,None,9400+,9400+,None
380,11893314852,59减3元，99减10元，259减20元，买贵退差价！,16.80,https:done,https://item.jd.com/11893314852.html,https://item.jd.com/11893314852.html,9400+,1000117165,京东自营,https://www.jd.com/allSort.aspx,京东物流,None,None,9400+,9400+,None
381,11893314852,59减3元，99减10元，259减20元，买贵退差价！,16.80,https:done,https://item.jd.com/11893314852.html,https://item.jd.com/11893314852.html,9400+,1000117165,京东自营,https://www.jd.com/allSort.aspx,京东物流,None,None,9400+,9400+,None
382,11893314852,59减3元，99减10元，259减20元，买贵退差价！,16.80,https:done,https://item.jd.com/11893314852.html,https://item.jd.com/11893314852.html,9400+,1000117165,京东自营,https://www.jd.com/allSort.aspx,京东物流,None,None,9400+,9400+,None
383,11893314852,59减3元，99减10元，259减20元，买贵退差价！,16.80,https:done,https://item.jd.com/11893314852.html,https://item.jd.com/11893314852.html,9400+,1000117165,京东自营,https://www.jd.com/allSort.aspx,京东物流,None,None,9400+,9400+,None
384,11893314852,59减3元，99减10元，259减20元，买贵退差价！,16.80,https:done,https://item.jd.com/11893314852.html,https://item.jd.com/11893314852.html,9400+,1000117165,京东自营,https://www.jd.com/allSort.aspx,京东物流,None,None,9400+,9400+,None
385,11893314852,59减3元，99减10元，259减20元，买贵退差价！,16.80,https:done,https://item.jd.com/11893314852.html,https://item.jd.com/11893314852.html,9400+,1000117165,京东自营,https://www.jd.com/allSort.aspx,京东物流,None,None,9400+,9400+,None
386,11893314852,59减3元，99减10元，259减20元，买贵退差价！,16.80,https:done,https://item.jd.com/11893314852.html,https://item.jd.com/11893314852.html,9400+,1000117165,京东自营,https://www.jd.com/allSort.aspx,京东物流,None,None,9400+,9400+,None
387,11893314852,59减3元，99减10元，259减20元，买贵退差价！,16.80,https:done,https://item.jd.com/11893314852.html,https://item.jd.com/11893314852.html,9400+,1000117165,京东自营,https://www.jd.com/allSort.aspx,京东物流,None,None,9400+,9400+,None
388,100013343902,【品质家居，好物直降】8月11-14日，满199减100，领券立减》》领券立减,39.90,https:done,https://item.jd.com/100013343902.html,//item.jd.com/100013343902.html,5900+,1000117165,富光京东自营旗舰店,https://www.jd.com/allSort.aspx,京东物流,None,None,5900+,5900+,None
389,100013343902,【品质家居，好物直降】8月11-14日，满199减100，领券立减》》领券立减,39.90,https:done,https://item.jd.com/100013343902.html,https://item.jd.com/100013343902.html,5900+,1000117165,京东自营,https://www.jd.com/allSort.aspx,京东物流,None,None,5900+,5900+,None
390,100013343902,【品质家居，好物直降】8月11-14日，满199减100，领券立减》》领券立减,39.90,https:done,https://item.jd.com/100013343902.html,https://item.jd.com/100013343902.html,5900+,1000117165,京东自营,https://www.jd.com/allSort.aspx,京东物流,None,None,5900+,5900+,None
391,10280626374,,108.00,https:done,https://item.jd.com/10280626374.html,//item.jd.com/10280626374.html,2800+,1000117165,膳魔师佳美专卖店,https://www.jd.com/allSort.aspx,京东物流,None,None,2800+,2800+,None
392,10280626374,,108.00,https:done,https://item.jd.com/10280626374.html,https://item.jd.com/10280626374.html,2800+,1000117165,京东自营,https://www.jd.com/allSort.aspx,京东物流,None,None,2800+,2800+,None
393,3868923,【品质家居，好物直降】8月11-14日，满199减100，领券立减》》领券立减,49.90,https:done,https://item.jd.com/3868923.html,//item.jd.com/3868923.html,1.9万+,1000117165,优道京东自营旗舰店,https://www.jd.com/allSort.aspx,京东物流,None,None,1.9万+,1.9万+,None
394,3868923,【品质家居，好物直降】8月11-14日，满199减100，领券立减》》领券立减,49.90,https:done,https://item.jd.com/3868923.html,https://item.jd.com/3868923.html,1.9万+,1000117165,京东自营,https://www.jd.com/allSort.aspx,京东物流,None,None,1.9万+,1.9万+,None
395,3868923,【品质家居，好物直降】8月11-14日，满199减100，领券立减》》领券立减,49.90,https:done,https://item.jd.com/3868923.html,https://item.jd.com/3868923.html,1.9万+,1000117165,京东自营,https://www.jd.com/allSort.aspx,京东物流,None,None,1.9万+,1.9万+,None
396,100011781654,【品质家居，好物直降】8月11-14日，满199减100，领券立减》》领券立减,99.00,https:done,https://item.jd.com/100011781654.html,//item.jd.com/100011781654.html,6500+,1000117165,特百惠京东自营专区,https://www.jd.com/allSort.aspx,京东物流,None,None,6500+,6500+,None
397,100011781654,【品质家居，好物直降】8月11-14日，满199减100，领券立减》》领券立减,99.00,https:done,https://item.jd.com/100011781654.html,https://item.jd.com/100011781654.html,6500+,1000117165,京东自营,https://www.jd.com/allSort.aspx,京东物流,None,None,6500+,6500+,None
398,1129858,【品质家居，好物直降】8月11-14日，满199减100，领券立减》》领券立减,35.00,https:done,https://item.jd.com/1129858.html,//item.jd.com/1129858.html,6万+,1000117165,乐扣乐扣（LOCK&LOCK）京东自营旗舰店,https://www.jd.com/allSort.aspx,京东物流,None,None,6万+,6万+,None
399,1129858,【品质家居，好物直降】8月11-14日，满199减100，领券立减》》领券立减,35.00,https:done,https://item.jd.com/1129858.html,https://item.jd.com/1129858.html,6万+,1000117165,京东自营,https://www.jd.com/allSort.aspx,京东物流,None,None,6万+,6万+,None
400,1129858,【品质家居，好物直降】8月11-14日，满199减100，领券立减》》领券立减,35.00,https:done,https://item.jd.com/1129858.html,https://item.jd.com/1129858.html,6万+,1000117165,京东自营,https://www.jd.com/allSort.aspx,京东物流,None,None,6万+,6万+,None
401,1129858,【品质家居，好物直降】8月11-14日，满199减100，领券立减》》领券立减,35.00,https:done,https://item.jd.com/1129858.html,https://item.jd.com/1129858.html,6万+,1000117165,京东自营,https://www.jd.com/allSort.aspx,京东物流,None,None,6万+,6万+,None
402,100002401715,【品质家居，好物直降】8月11-14日，满199减100，领券立减》》领券立减,98.00,https:done,https://item.jd.com/100002401715.html,//item.jd.com/100002401715.html,7300+,1000117165,特百惠京东自营专区,https://www.jd.com/allSort.aspx,京东物流,None,None,7300+,7300+,None
403,100002401715,【品质家居，好物直降】8月11-14日，满199减100，领券立减》》领券立减,98.00,https:done,https://item.jd.com/100002401715.html,https://item.jd.com/100002401715.html,7300+,1000117165,京东自营,https://www.jd.com/allSort.aspx,京东物流,None,None,7300+,7300+,None
404,100002401715,【品质家居，好物直降】8月11-14日，满199减100，领券立减》》领券立减,98.00,https:done,https://item.jd.com/100002401715.html,https://item.jd.com/100002401715.html,7300+,1000117165,京东自营,https://www.jd.com/allSort.aspx,京东物流,None,None,7300+,7300+,None
405,100002401715,【品质家居，好物直降】8月11-14日，满199减100，领券立减》》领券立减,98.00,https:done,https://item.jd.com/100002401715.html,https://item.jd.com/100002401715.html,7300+,1000117165,京东自营,https://www.jd.com/allSort.aspx,京东物流,None,None,7300+,7300+,None
406,100002401715,【品质家居，好物直降】8月11-14日，满199减100，领券立减》》领券立减,98.00,https:done,https://item.jd.com/100002401715.html,https://item.jd.com/100002401715.html,7300+,1000117165,京东自营,https://www.jd.com/allSort.aspx,京东物流,None,None,7300+,7300+,None
407,8453444,【品质家居，好物直降】8月11-14日，满199减100，领券立减》》领券立减,29.90,https:done,https://item.jd.com/8453444.html,//item.jd.com/8453444.html,1.4万+,1000117165,富光FGA京东自营旗舰店,https://www.jd.com/allSort.aspx,京东物流,None,None,1.4万+,1.4万+,None
408,8453444,【品质家居，好物直降】8月11-14日，满199减100，领券立减》》领券立减,29.90,https:done,https://item.jd.com/8453444.html,https://item.jd.com/8453444.html,1.4万+,1000117165,京东自营,https://www.jd.com/allSort.aspx,京东物流,None,None,1.4万+,1.4万+,None
409,8453444,【品质家居，好物直降】8月11-14日，满199减100，领券立减》》领券立减,29.90,https:done,https://item.jd.com/8453444.html,https://item.jd.com/8453444.html,1.4万+,1000117165,京东自营,https://www.jd.com/allSort.aspx,京东物流,None,None,1.4万+,1.4万+,None
410,8453444,【品质家居，好物直降】8月11-14日，满199减100，领券立减》》领券立减,29.90,https:done,https://item.jd.com/8453444.html,https://item.jd.com/8453444.html,1.4万+,1000117165,京东自营,https://www.jd.com/allSort.aspx,京东物流,None,None,1.4万+,1.4万+,None
411,8453444,【品质家居，好物直降】8月11-14日，满199减100，领券立减》》领券立减,29.90,https:done,https://item.jd.com/8453444.html,https://item.jd.com/8453444.html,1.4万+,1000117165,京东自营,https://www.jd.com/allSort.aspx,京东物流,None,None,1.4万+,1.4万+,None
412,100010731008,,52.90,https:done,https://item.jd.com/100010731008.html,//item.jd.com/100010731008.html,5800+,1000117165,希乐（cille）京东自营旗舰店,https://www.jd.com/allSort.aspx,京东物流,None,None,5800+,5800+,None
413,100010731008,,52.90,https:done,https://item.jd.com/100010731008.html,https://item.jd.com/100010731008.html,5800+,1000117165,京东自营,https://www.jd.com/allSort.aspx,京东物流,None,None,5800+,5800+,None
414,100003856728,【品质家居，好物直降】8月11-14日，满199减100，领券立减》》领券立减,99.00,https:done,https://item.jd.com/100003856728.html,//item.jd.com/100003856728.html,3.7万+,1000117165,京东自营,https://www.jd.com/allSort.aspx,京东物流,None,None,3.7万+,3.7万+,None
415,100003856728,【品质家居，好物直降】8月11-14日，满199减100，领券立减》》领券立减,99.00,https:done,https://item.jd.com/100003856728.html,https://item.jd.com/100003856728.html,3.7万+,1000117165,京东自营,https://www.jd.com/allSort.aspx,京东物流,None,None,3.7万+,3.7万+,None
416,100007066715,【品质家居，好物直降】8月11-14日，满199减100，领券立减》》领券立减,82.80,https:done,https://item.jd.com/100007066715.html,//item.jd.com/100007066715.html,9600+,1000117165,特百惠京东自营专区,https://www.jd.com/allSort.aspx,京东物流,None,None,9600+,9600+,None
417,100007066715,【品质家居，好物直降】8月11-14日，满199减100，领券立减》》领券立减,82.80,https:done,https://item.jd.com/100007066715.html,https://item.jd.com/100007066715.html,9600+,1000117165,京东自营,https://www.jd.com/allSort.aspx,京东物流,None,None,9600+,9600+,None
418,100007066715,【品质家居，好物直降】8月11-14日，满199减100，领券立减》》领券立减,82.80,https:done,https://item.jd.com/100007066715.html,https://item.jd.com/100007066715.html,9600+,1000117165,京东自营,https://www.jd.com/allSort.aspx,京东物流,None,None,9600+,9600+,None
419,8148438,【品质家居，好物直降】8月11-14日，满199减100，领券立减》》领券立减,59.00,https:done,https://item.jd.com/8148438.html,//item.jd.com/8148438.html,5.8万+,1000117165,OPUSTAR京东自营旗舰店,https://www.jd.com/allSort.aspx,京东物流,None,None,5.8万+,5.8万+,None
420,8148438,【品质家居，好物直降】8月11-14日，满199减100，领券立减》》领券立减,59.00,https:done,https://item.jd.com/8148438.html,https://item.jd.com/8148438.html,5.8万+,1000117165,京东自营,https://www.jd.com/allSort.aspx,京东物流,None,None,5.8万+,5.8万+,None
421,8148438,【品质家居，好物直降】8月11-14日，满199减100，领券立减》》领券立减,59.00,https:done,https://item.jd.com/8148438.html,https://item.jd.com/8148438.html,5.8万+,1000117165,京东自营,https://www.jd.com/allSort.aspx,京东物流,None,None,5.8万+,5.8万+,None
422,8148438,【品质家居，好物直降】8月11-14日，满199减100，领券立减》》领券立减,59.00,https:done,https://item.jd.com/8148438.html,https://item.jd.com/8148438.html,5.8万+,1000117165,京东自营,https://www.jd.com/allSort.aspx,京东物流,None,None,5.8万+,5.8万+,None
423,41545629454,苏泊尔LIFE系列BB杯，到手价29/34，联系客服领五元优惠券，详情页也可自主领劵。点击领劵,39.00,https:done,https://item.jd.com/41545629454.html,//item.jd.com/41545629454.html,1.2万+,1000117165,苏泊尔百乐专卖店,https://www.jd.com/allSort.aspx,京东物流,None,None,1.2万+,1.2万+,None
424,41545629454,苏泊尔LIFE系列BB杯，到手价29/34，联系客服领五元优惠券，详情页也可自主领劵。点击领劵,39.00,https:done,https://item.jd.com/41545629454.html,https://item.jd.com/41545629454.html,1.2万+,1000117165,京东自营,https://www.jd.com/allSort.aspx,京东物流,None,None,1.2万+,1.2万+,None
425,41545629454,苏泊尔LIFE系列BB杯，到手价29/34，联系客服领五元优惠券，详情页也可自主领劵。点击领劵,39.00,https:done,https://item.jd.com/41545629454.html,https://item.jd.com/41545629454.html,1.2万+,1000117165,京东自营,https://www.jd.com/allSort.aspx,京东物流,None,None,1.2万+,1.2万+,None
426,41545629454,苏泊尔LIFE系列BB杯，到手价29/34，联系客服领五元优惠券，详情页也可自主领劵。点击领劵,39.00,https:done,https://item.jd.com/41545629454.html,https://item.jd.com/41545629454.html,1.2万+,1000117165,京东自营,https://www.jd.com/allSort.aspx,京东物流,None,None,1.2万+,1.2万+,None
427,41545629454,苏泊尔LIFE系列BB杯，到手价29/34，联系客服领五元优惠券，详情页也可自主领劵。点击领劵,39.00,https:done,https://item.jd.com/41545629454.html,https://item.jd.com/41545629454.html,1.2万+,1000117165,京东自营,https://www.jd.com/allSort.aspx,京东物流,None,None,1.2万+,1.2万+,None
428,100007092710,【品质家居，好物直降】8月11-14日，满199减100，领券立减》》领券立减,159.00,https:done,https://item.jd.com/100007092710.html,//item.jd.com/100007092710.html,3300+,1000117165,特百惠京东自营专区,https://www.jd.com/allSort.aspx,京东物流,None,None,3300+,3300+,None
429,100007092710,【品质家居，好物直降】8月11-14日，满199减100，领券立减》》领券立减,159.00,https:done,https://item.jd.com/100007092710.html,https://item.jd.com/100007092710.html,3300+,1000117165,京东自营,https://www.jd.com/allSort.aspx,京东物流,None,None,3300+,3300+,None
